-- phpMyAdmin SQL Dump
-- version 5.1.3
-- https://www.phpmyadmin.net/
--
-- Host: localhost:3306
-- Generation Time: Jun 10, 2025 at 01:03 AM
-- Server version: 8.0.30
-- PHP Version: 8.1.10

SET SQL_MODE = "NO_AUTO_VALUE_ON_ZERO";
START TRANSACTION;
SET time_zone = "+00:00";


/*!40101 SET @OLD_CHARACTER_SET_CLIENT=@@CHARACTER_SET_CLIENT */;
/*!40101 SET @OLD_CHARACTER_SET_RESULTS=@@CHARACTER_SET_RESULTS */;
/*!40101 SET @OLD_COLLATION_CONNECTION=@@COLLATION_CONNECTION */;
/*!40101 SET NAMES utf8mb4 */;

--
-- Database: `yms_eoq_rops`
--

-- --------------------------------------------------------

--
-- Table structure for table `barangs`
--

CREATE TABLE `barangs` (
  `barang_id` varchar(255) COLLATE utf8mb4_unicode_ci NOT NULL,
  `slug` varchar(255) COLLATE utf8mb4_unicode_ci NOT NULL,
  `nama_barang` varchar(255) COLLATE utf8mb4_unicode_ci NOT NULL,
  `harga_barang` bigint NOT NULL,
  `biaya_penyimpanan` int NOT NULL DEFAULT '0',
  `rop` int NOT NULL DEFAULT '0',
  `ss` int NOT NULL DEFAULT '0',
  `created_at` timestamp NULL DEFAULT NULL,
  `updated_at` timestamp NULL DEFAULT NULL
) ENGINE=InnoDB DEFAULT CHARSET=utf8mb4 COLLATE=utf8mb4_unicode_ci;

--
-- Dumping data for table `barangs`
--

INSERT INTO `barangs` (`barang_id`, `slug`, `nama_barang`, `harga_barang`, `biaya_penyimpanan`, `rop`, `ss`, `created_at`, `updated_at`) VALUES
('B00001', 'YEvnShCyfBwgGHTR', 'HEM PUTIH PENDEK [2]', 32000, 20000, 0, 0, '2025-06-09 06:24:33', '2025-06-09 06:24:33'),
('B00002', 'RuRnZU7dNJxvn4Ze', 'HEM PUTIH PENDEK [3]', 34000, 20000, 0, 0, '2025-06-09 06:24:33', '2025-06-09 06:24:33'),
('B00003', 'CHMAKmZV2lcPnq8R', 'HEM PUTIH PENDEK [4]', 36000, 20000, 0, 0, '2025-06-09 06:24:34', '2025-06-09 06:24:34'),
('B00004', 'Lve0XjNVzjT8Br4B', 'HEM PUTIH PENDEK [5]', 38000, 20000, 0, 0, '2025-06-09 06:24:34', '2025-06-09 06:24:34'),
('B00005', '87dpDcKxfkX7Id1S', 'HEM PUTIH PENDEK [6]', 40000, 20000, 0, 0, '2025-06-09 06:24:34', '2025-06-09 06:24:34'),
('B00006', 'sBk54WEsfgzvJkZi', 'HEM PUTIH PENDEK [7]', 42000, 20000, 0, 0, '2025-06-09 06:24:34', '2025-06-09 06:24:34'),
('B00007', 'O0DOlQMROlkaMxBq', 'HEM PUTIH PENDEK [8]', 44000, 20000, 0, 0, '2025-06-09 06:24:34', '2025-06-09 06:24:34'),
('B00008', 'lVdVnAEFGWCK58H3', 'HEM PUTIH PENDEK [9]', 46000, 20000, 0, 0, '2025-06-09 06:24:34', '2025-06-09 06:24:34'),
('B00009', 'o9g841il3LXELbFi', 'HEM PUTIH PENDEK [10]', 48000, 20000, 0, 0, '2025-06-09 06:24:34', '2025-06-09 06:24:34'),
('B00010', 'LIOyoy0oCQ1ZbX7k', 'HEM PUTIH PENDEK [11]', 50000, 20000, 0, 0, '2025-06-09 06:24:34', '2025-06-09 06:24:34'),
('B00011', 'VkEQ6adzbCvNPgqN', 'HEM PUTIH PENDEK [12]', 52000, 20000, 0, 0, '2025-06-09 06:24:34', '2025-06-09 06:24:34'),
('B00012', 'ZMXA8BncEA9tfYrg', 'HEM PUTIH PENDEK [13]', 58000, 20000, 0, 0, '2025-06-09 06:24:34', '2025-06-09 06:24:34'),
('B00013', 'Xn8uJfyFPA5RPsCQ', 'HEM PUTIH PENDEK BED BORDIR [2]', 33500, 20000, 0, 0, '2025-06-09 06:24:34', '2025-06-09 06:24:34'),
('B00014', 'Cvt3Sj1T5zYdT5Mq', 'HEM PUTIH PENDEK BED BORDIR [3]', 35500, 20000, 0, 0, '2025-06-09 06:24:34', '2025-06-09 06:24:34'),
('B00015', 'j3t5UCphqiAJEK70', 'HEM PUTIH PENDEK BED BORDIR [4]', 37500, 20000, 0, 0, '2025-06-09 06:24:34', '2025-06-09 06:24:34'),
('B00016', 'xJ8WhGFYdT4PbxfE', 'HEM PUTIH PENDEK BED BORDIR [5]', 39500, 20000, 0, 0, '2025-06-09 06:24:34', '2025-06-09 06:24:34'),
('B00017', '0A0keXDf58ysXeqg', 'HEM PUTIH PENDEK BED BORDIR [6]', 41500, 20000, 0, 0, '2025-06-09 06:24:35', '2025-06-09 06:24:35'),
('B00018', 'ahuOLBTOEN1oRpgE', 'HEM PUTIH PENDEK BED BORDIR [7]', 44000, 20000, 0, 0, '2025-06-09 06:24:35', '2025-06-09 06:24:35'),
('B00019', 'xOTgrzzFNtV1CO7n', 'HEM PUTIH PENDEK BED BORDIR [8]', 46000, 20000, 0, 0, '2025-06-09 06:24:35', '2025-06-09 06:24:35'),
('B00020', 'DtSBFBGptxn0x90d', 'HEM PUTIH PENDEK BED BORDIR [9]', 48000, 20000, 0, 0, '2025-06-09 06:24:35', '2025-06-09 06:24:35'),
('B00021', 'w1trlXEWQgMzcJ3H', 'HEM PUTIH PENDEK BED BORDIR [10]', 50000, 20000, 0, 0, '2025-06-09 06:24:35', '2025-06-09 06:24:35'),
('B00022', 'snqDLkvC2dKHEhf7', 'HEM PUTIH PENDEK BED BORDIR [11]', 52000, 20000, 0, 0, '2025-06-09 06:24:35', '2025-06-09 06:24:35'),
('B00023', '6nnCP8QE9HjzAHZ3', 'HEM PUTIH PENDEK BED BORDIR [12]', 54000, 20000, 0, 0, '2025-06-09 06:24:35', '2025-06-09 06:24:35'),
('B00024', 'oPCS6ILyUBgGVcPC', 'HEM PUTIH PENDEK BED BORDIR [13]', 60000, 20000, 0, 0, '2025-06-09 06:24:35', '2025-06-09 06:24:35'),
('B00025', 'vvt3fwqNlUHLkz16', 'HEM PUTIH PANJANG [2]', 35000, 20000, 0, 0, '2025-06-09 06:24:35', '2025-06-09 06:24:35'),
('B00026', 'cOIfx8mvaO7ybFGz', 'HEM PUTIH PANJANG [3]', 37000, 20000, 0, 0, '2025-06-09 06:24:35', '2025-06-09 06:24:35'),
('B00027', 'PtzKWSrMe0SeisAw', 'HEM PUTIH PANJANG [4]', 39000, 20000, 0, 0, '2025-06-09 06:24:35', '2025-06-09 06:24:35'),
('B00028', 'E7ePcjzRKtmMjHsB', 'HEM PUTIH PANJANG [5]', 41000, 20000, 0, 0, '2025-06-09 06:24:35', '2025-06-09 06:24:35'),
('B00029', 'Ir1Xqi7QLdUAr1J2', 'HEM PUTIH PANJANG [6]', 44000, 20000, 0, 0, '2025-06-09 06:24:35', '2025-06-09 06:24:35'),
('B00030', 'S4LBe7aGiHkCQBFD', 'HEM PUTIH PANJANG [7]', 46000, 20000, 0, 0, '2025-06-09 06:24:35', '2025-06-09 06:24:35'),
('B00031', '63Gc8CrptZ0maYiU', 'HEM PUTIH PANJANG [8]', 48000, 20000, 0, 0, '2025-06-09 06:24:35', '2025-06-09 06:24:35'),
('B00032', 'SBZrHEqIC2LRvjEK', 'HEM PUTIH PANJANG [9]', 52000, 20000, 0, 0, '2025-06-09 06:24:35', '2025-06-09 06:24:35'),
('B00033', 'dRvKc0wm9EUQJ2Bv', 'HEM PUTIH PANJANG [10]', 54000, 20000, 0, 0, '2025-06-09 06:24:35', '2025-06-09 06:24:35'),
('B00034', 'SxMnjtrZoyEyTz9C', 'HEM PUTIH PANJANG [11]', 56000, 20000, 0, 0, '2025-06-09 06:24:35', '2025-06-09 06:24:35'),
('B00035', 'meIJBVc2Kk6Ou73x', 'HEM PUTIH PANJANG [12]', 58000, 20000, 0, 0, '2025-06-09 06:24:35', '2025-06-09 06:24:35'),
('B00036', 'tqcvqxTNiEgwK6xD', 'HEM PUTIH PANJANG [13]', 64000, 20000, 0, 0, '2025-06-09 06:24:35', '2025-06-09 06:24:35'),
('B00037', 'tRQZIXRmeVAyBSQH', 'HEM PRAMUKA PENDEK [2]', 35000, 20000, 0, 0, '2025-06-09 06:24:35', '2025-06-09 06:24:35'),
('B00038', 'OtGREDGofxKZyUcp', 'HEM PRAMUKA PENDEK [3]', 37000, 20000, 0, 0, '2025-06-09 06:24:35', '2025-06-09 06:24:35'),
('B00039', '2BHGDm3WHQapdMNK', 'HEM PRAMUKA PENDEK [4]', 39000, 20000, 0, 0, '2025-06-09 06:24:35', '2025-06-09 06:24:35'),
('B00040', 'DEyhn69lEmBajKYf', 'HEM PRAMUKA PENDEK [5]', 41000, 20000, 0, 0, '2025-06-09 06:24:35', '2025-06-09 06:24:35'),
('B00041', 'bhYo4XW8VMzNUCel', 'HEM PRAMUKA PENDEK [6]', 44000, 20000, 0, 0, '2025-06-09 06:24:35', '2025-06-09 06:24:35'),
('B00042', 'tUbC8iwbmC352KM9', 'HEM PRAMUKA PENDEK [7]', 46000, 20000, 0, 0, '2025-06-09 06:24:35', '2025-06-09 06:24:35'),
('B00043', 'gjqyEkR6TowuUIwp', 'HEM PRAMUKA PENDEK [8]', 48000, 20000, 0, 0, '2025-06-09 06:24:35', '2025-06-09 06:24:35'),
('B00044', 'vOX2MWoksAiq0ZYx', 'HEM PRAMUKA PENDEK [9]', 52000, 20000, 0, 0, '2025-06-09 06:24:35', '2025-06-09 06:24:35'),
('B00045', 'x9ZL4m5qlFN4kVwe', 'HEM PRAMUKA PENDEK [10]', 54000, 20000, 0, 0, '2025-06-09 06:24:35', '2025-06-09 06:24:35'),
('B00046', 'Yz4ICj3DSBbAs9Bs', 'HEM PRAMUKA PENDEK [11]', 56000, 20000, 0, 0, '2025-06-09 06:24:35', '2025-06-09 06:24:35'),
('B00047', 'iANIhsEYV4hBPx3d', 'HEM PRAMUKA PENDEK [12]', 58000, 20000, 0, 0, '2025-06-09 06:24:35', '2025-06-09 06:24:35'),
('B00048', 'tv7NOFjzjrKqlvlz', 'HEM PRAMUKA PENDEK [13]', 64000, 20000, 0, 0, '2025-06-09 06:24:35', '2025-06-09 06:24:35'),
('B00049', 'EISWCQqllnmhmjg7', 'HEM PRAMUKA PANJANG [2]', 43000, 20000, 0, 0, '2025-06-09 06:24:35', '2025-06-09 06:24:35'),
('B00050', '2z3Bu71nwuZYXQ4n', 'HEM PRAMUKA PANJANG [3]', 45000, 20000, 0, 0, '2025-06-09 06:24:35', '2025-06-09 06:24:35'),
('B00051', 'lnPkym9JLDaLbaoC', 'HEM PRAMUKA PANJANG [4]', 47000, 20000, 0, 0, '2025-06-09 06:24:35', '2025-06-09 06:24:35'),
('B00052', 'xGT20LRHEpS2nkkZ', 'HEM PRAMUKA PANJANG [5]', 49000, 20000, 0, 0, '2025-06-09 06:24:35', '2025-06-09 06:24:35'),
('B00053', 'xZz8Q2b78GShBJBf', 'HEM PRAMUKA PANJANG [6]', 51000, 20000, 0, 0, '2025-06-09 06:24:35', '2025-06-09 06:24:35'),
('B00054', 'gqoXnoGl6GYCudNS', 'HEM PRAMUKA PANJANG [7]', 54000, 20000, 0, 0, '2025-06-09 06:24:35', '2025-06-09 06:24:35'),
('B00055', '20LP7iwqXUWJXvsF', 'HEM PRAMUKA PANJANG [8]', 56000, 20000, 0, 0, '2025-06-09 06:24:36', '2025-06-09 06:24:36'),
('B00056', 'CoZXVwxMQVjx2j4a', 'HEM PRAMUKA PANJANG [9]', 59000, 20000, 0, 0, '2025-06-09 06:24:36', '2025-06-09 06:24:36'),
('B00057', 'Spd7wq3kw1mgpUJ0', 'HEM PRAMUKA PANJANG [10]', 61000, 20000, 0, 0, '2025-06-09 06:24:36', '2025-06-09 06:24:36'),
('B00058', 'YOIlSKygwB2Xhnt7', 'HEM PRAMUKA PANJANG [11]', 64000, 20000, 0, 0, '2025-06-09 06:24:36', '2025-06-09 06:24:36'),
('B00059', 'sdTgd8Cle53Izsak', 'HEM PRAMUKA PANJANG [12]', 66000, 20000, 0, 0, '2025-06-09 06:24:36', '2025-06-09 06:24:36'),
('B00060', 'lUpd5GfO4u00WQyY', 'HEM PRAMUKA PANJANG [13]', 72000, 20000, 0, 0, '2025-06-09 06:24:36', '2025-06-09 06:24:36'),
('B00061', 'c0P3soCpv5y0cP9Z', 'HEM PRAMUKA PANJANG SAKU I [2]', 38000, 20000, 0, 0, '2025-06-09 06:24:36', '2025-06-09 06:24:36'),
('B00062', '5e89UXzeGe5EISoE', 'HEM PRAMUKA PANJANG SAKU I [3]', 40000, 20000, 0, 0, '2025-06-09 06:24:36', '2025-06-09 06:24:36'),
('B00063', 'vxwUEfkaYTzcx3LU', 'HEM PRAMUKA PANJANG SAKU I [4]', 42000, 20000, 0, 0, '2025-06-09 06:24:36', '2025-06-09 06:24:36'),
('B00064', 'mx3TLrR2NKKj8qIl', 'HEM PRAMUKA PANJANG SAKU I [5]', 46000, 20000, 0, 0, '2025-06-09 06:24:36', '2025-06-09 06:24:36'),
('B00065', 'zvzFeHrF4BAZZa4A', 'HEM PRAMUKA PANJANG SAKU I [6]', 48000, 20000, 0, 0, '2025-06-09 06:24:36', '2025-06-09 06:24:36'),
('B00066', 'q33ODlCxJH1d78li', 'HEM PRAMUKA PANJANG SAKU I [7]', 50000, 20000, 0, 0, '2025-06-09 06:24:36', '2025-06-09 06:24:36'),
('B00067', 'KcRdlVSIm06TVJDo', 'HEM PRAMUKA PANJANG SAKU I [8]', 52000, 20000, 0, 0, '2025-06-09 06:24:36', '2025-06-09 06:24:36'),
('B00068', 'LYpymv03u2IwAZVK', 'HEM PRAMUKA PANJANG SAKU I [9]', 56000, 20000, 0, 0, '2025-06-09 06:24:36', '2025-06-09 06:24:36'),
('B00069', 'Xc9M1EBO3GDPqRLA', 'HEM PRAMUKA PANJANG SAKU I [10]', 58000, 20000, 0, 0, '2025-06-09 06:24:36', '2025-06-09 06:24:36'),
('B00070', 'rJvLPWJ3milWUlHw', 'HEM PRAMUKA PANJANG SAKU I [11]', 60000, 20000, 0, 0, '2025-06-09 06:24:36', '2025-06-09 06:24:36'),
('B00071', 'vAluX1iL2COOneps', 'HEM PRAMUKA PANJANG SAKU I [12]', 62000, 20000, 0, 0, '2025-06-09 06:24:36', '2025-06-09 06:24:36'),
('B00072', 'MAiUG8SrJLe9sAuH', 'HEM PRAMUKA PANJANG SAKU I [13]', 68000, 20000, 0, 0, '2025-06-09 06:24:36', '2025-06-09 06:24:36'),
('B00073', 'NZVCFl7d2vbHt6ZN', 'HEM GESPER PENDEK PRAMUKA [6]', 51500, 20000, 0, 0, '2025-06-09 06:24:36', '2025-06-09 06:24:36'),
('B00074', 'LKq3b13Ut0bHxCHE', 'HEM GESPER PENDEK PRAMUKA [7]', 53500, 20000, 0, 0, '2025-06-09 06:24:36', '2025-06-09 06:24:36'),
('B00075', 'zAzUorm3MCIh3iD4', 'HEM GESPER PENDEK PRAMUKA [8]', 55500, 20000, 0, 0, '2025-06-09 06:24:36', '2025-06-09 06:24:36'),
('B00076', 'g4vwzep7oTVQZPHe', 'HEM GESPER PENDEK PRAMUKA [9]', 57500, 20000, 0, 0, '2025-06-09 06:24:36', '2025-06-09 06:24:36'),
('B00077', 'HkVpfkNyEFvua5Zq', 'HEM GESPER PENDEK PRAMUKA [10]', 59500, 20000, 0, 0, '2025-06-09 06:24:36', '2025-06-09 06:24:36'),
('B00078', 'v1TQE1qiy02cjr4a', 'HEM GESPER PENDEK PRAMUKA [11]', 61500, 20000, 0, 0, '2025-06-09 06:24:36', '2025-06-09 06:24:36'),
('B00079', 't93IyZjW6TCxjhEc', 'HEM GESPER PENDEK PRAMUKA [12]', 63500, 20000, 0, 0, '2025-06-09 06:24:36', '2025-06-09 06:24:36'),
('B00080', 'jfXvBGcq9wGMbk0Y', 'HEM GESPER PANJANG PRAMUKA [2]', 47500, 20000, 0, 0, '2025-06-09 06:24:36', '2025-06-09 06:24:36'),
('B00081', '7Fp0swptYblZnanV', 'HEM GESPER PANJANG PRAMUKA [3]', 49500, 20000, 0, 0, '2025-06-09 06:24:36', '2025-06-09 06:24:36'),
('B00082', 'FcaLDEEhlkxdQxAU', 'HEM GESPER PANJANG PRAMUKA [4]', 51500, 20000, 0, 0, '2025-06-09 06:24:36', '2025-06-09 06:24:36'),
('B00083', 'bhzukmunfLVwBsxG', 'HEM GESPER PANJANG PRAMUKA [5]', 53500, 20000, 0, 0, '2025-06-09 06:24:37', '2025-06-09 06:24:37'),
('B00084', '0ogzA9eY7upgkniW', 'HEM GESPER PANJANG PRAMUKA [6]', 55500, 20000, 0, 0, '2025-06-09 06:24:37', '2025-06-09 06:24:37'),
('B00085', 'pasYnY1foItHWp7b', 'HEM GESPER PANJANG PRAMUKA [7]', 57500, 20000, 0, 0, '2025-06-09 06:24:37', '2025-06-09 06:24:37'),
('B00086', 'Ciz3JQdfXLOU0ZAr', 'HEM GESPER PANJANG PRAMUKA [8]', 59500, 20000, 0, 0, '2025-06-09 06:24:37', '2025-06-09 06:24:37'),
('B00087', 'UQKv6yfqD2OQa15R', 'HEM GESPER PANJANG PRAMUKA [9]', 62500, 20000, 0, 0, '2025-06-09 06:24:37', '2025-06-09 06:24:37'),
('B00088', 'Y2QKaCaimDVTjKcW', 'HEM GESPER PANJANG PRAMUKA [10]', 64500, 20000, 0, 0, '2025-06-09 06:24:37', '2025-06-09 06:24:37'),
('B00089', 'fZZdEox29nL4IRCL', 'HEM GESPER PANJANG PRAMUKA [11]', 67500, 20000, 0, 0, '2025-06-09 06:24:37', '2025-06-09 06:24:37'),
('B00090', 'T1bNTZ8JZu1k5V2e', 'HEM GESPER PANJANG PRAMUKA [12]', 69500, 20000, 0, 0, '2025-06-09 06:24:37', '2025-06-09 06:24:37'),
('B00091', 'xhpQDFWNVjHEg2WP', 'HEM GESPER PANJANG PUTIH [2]', 43500, 20000, 0, 0, '2025-06-09 06:24:37', '2025-06-09 06:24:37'),
('B00092', 'cJ1DUX1ji0IsR3P8', 'HEM GESPER PANJANG PUTIH [3]', 45500, 20000, 0, 0, '2025-06-09 06:24:37', '2025-06-09 06:24:37'),
('B00093', 'S8MVnohMszhA9oUV', 'HEM GESPER PANJANG PUTIH [4]', 47500, 20000, 0, 0, '2025-06-09 06:24:37', '2025-06-09 06:24:37'),
('B00094', 'SNE2TdzvPxRiFkKL', 'HEM GESPER PANJANG PUTIH [5]', 495000, 20000, 0, 0, '2025-06-09 06:24:37', '2025-06-09 06:24:37'),
('B00095', '1oH9zV3zO1MsdIGm', 'HEM GESPER PANJANG PUTIH [6]', 51500, 20000, 0, 0, '2025-06-09 06:24:37', '2025-06-09 06:24:37'),
('B00096', 'EWdmjdJKZ8QUdSN0', 'HEM GESPER PANJANG PUTIH [7]', 53500, 20000, 0, 0, '2025-06-09 06:24:37', '2025-06-09 06:24:37'),
('B00097', 'Sa07VVtDv9fRkJwH', 'HEM GESPER PANJANG PUTIH [8]', 55500, 20000, 0, 0, '2025-06-09 06:24:37', '2025-06-09 06:24:37'),
('B00098', 'cldLvb3CAQ6jstJj', 'HEM GESPER PANJANG PUTIH [9]', 57500, 20000, 0, 0, '2025-06-09 06:24:37', '2025-06-09 06:24:37'),
('B00099', 'p0wZO7S1pebqOJ0Z', 'HEM GESPER PANJANG PUTIH [10]', 60500, 20000, 0, 0, '2025-06-09 06:24:37', '2025-06-09 06:24:37'),
('B00100', 'IentxGhpYdAYlj72', 'HEM GESPER PANJANG PUTIH [11]', 62500, 20000, 0, 0, '2025-06-09 06:24:37', '2025-06-09 06:24:37'),
('B00101', 'DtLizN9SaNPsS2wh', 'HEM GESPER PANJANG PUTIH [12]', 64500, 20000, 0, 0, '2025-06-09 06:24:37', '2025-06-09 06:24:37'),
('B00102', '2K0nabseTdJRNXMG', 'HEM PRAMUKA SIAGA PENDEK [2]', 40000, 20000, 0, 0, '2025-06-09 06:24:37', '2025-06-09 06:24:37'),
('B00103', 'QMLjmT26jcru5epq', 'HEM PRAMUKA SIAGA PENDEK [3]', 42000, 20000, 0, 0, '2025-06-09 06:24:37', '2025-06-09 06:24:37'),
('B00104', 'WS0YopXofR4Wwkgi', 'HEM PRAMUKA SIAGA PENDEK [4]', 44000, 20000, 0, 0, '2025-06-09 06:24:37', '2025-06-09 06:24:37'),
('B00105', 'EvN1eOZDNC4nBfEP', 'HEM PRAMUKA SIAGA PENDEK [5]', 46000, 20000, 0, 0, '2025-06-09 06:24:37', '2025-06-09 06:24:37'),
('B00106', 'P9qGIgyXRfCS2otp', 'HEM PRAMUKA SIAGA PENDEK [6]', 48000, 20000, 0, 0, '2025-06-09 06:24:37', '2025-06-09 06:24:37'),
('B00107', 'YbEcyDImQIFS9kMe', 'HEM PRAMUKA SIAGA PENDEK [7]', 50000, 20000, 0, 0, '2025-06-09 06:24:37', '2025-06-09 06:24:37'),
('B00108', 'W8mf9GykHj7CQbma', 'HEM PRAMUKA SIAGA PENDEK [8]', 52000, 20000, 0, 0, '2025-06-09 06:24:37', '2025-06-09 06:24:37'),
('B00109', 'RhXEMzA3TwNdLyYP', 'HEM PRAMUKA SIAGA PENDEK [9]', 56000, 20000, 0, 0, '2025-06-09 06:24:37', '2025-06-09 06:24:37'),
('B00110', 'Bo2K8DteRBVeZjeZ', 'HEM PRAMUKA SIAGA PENDEK [10]', 59000, 20000, 0, 0, '2025-06-09 06:24:37', '2025-06-09 06:24:37'),
('B00111', 'trqtIHQwFEQJlJeS', 'HEM PRAMUKA SIAGA PENDEK [11]', 61000, 20000, 0, 0, '2025-06-09 06:24:37', '2025-06-09 06:24:37'),
('B00112', 'RKQnEn3EVke3j2wX', 'HEM PRAMUKA SIAGA PENDEK [12]', 63000, 20000, 0, 0, '2025-06-09 06:24:37', '2025-06-09 06:24:37'),
('B00113', 'Rgv7Pdx4RJYZisV1', 'HEM PRAMUKA SIAGA PANJANG [2]', 47000, 20000, 0, 0, '2025-06-09 06:24:37', '2025-06-09 06:24:37'),
('B00114', 'ufytWtq5H7KmLMBu', 'HEM PRAMUKA SIAGA PANJANG [3]', 49000, 20000, 0, 0, '2025-06-09 06:24:37', '2025-06-09 06:24:37'),
('B00115', 'H6s3cqPKsKvIk4qI', 'HEM PRAMUKA SIAGA PANJANG [4]', 51000, 20000, 0, 0, '2025-06-09 06:24:37', '2025-06-09 06:24:37'),
('B00116', '2ZjvRbT9sHULu3TR', 'HEM PRAMUKA SIAGA PANJANG [5]', 53000, 20000, 0, 0, '2025-06-09 06:24:37', '2025-06-09 06:24:37'),
('B00117', 'vRGpt6hjtJDfwnem', 'HEM PRAMUKA SIAGA PANJANG [6]', 55000, 20000, 0, 0, '2025-06-09 06:24:37', '2025-06-09 06:24:37'),
('B00118', 'Rdey8qjYcGNIPURd', 'HEM PRAMUKA SIAGA PANJANG [7]', 58000, 20000, 0, 0, '2025-06-09 06:24:37', '2025-06-09 06:24:37'),
('B00119', 'GcN5JpSyH2MzPLTg', 'HEM PRAMUKA SIAGA PANJANG [8]', 60000, 20000, 0, 0, '2025-06-09 06:24:37', '2025-06-09 06:24:37'),
('B00120', '1OygCUEaeWqisxcx', 'HEM PRAMUKA SIAGA PANJANG [9]', 63000, 20000, 0, 0, '2025-06-09 06:24:38', '2025-06-09 06:24:38'),
('B00121', 'KBATJGxqlrXq8cUy', 'HEM PRAMUKA SIAGA PANJANG [10]', 65000, 20000, 0, 0, '2025-06-09 06:24:38', '2025-06-09 06:24:38'),
('B00122', 'pemJO7E8keC9QutY', 'HEM PRAMUKA SIAGA PANJANG [11]', 68000, 20000, 0, 0, '2025-06-09 06:24:38', '2025-06-09 06:24:38'),
('B00123', 'S75s7LDtmYUeu7sP', 'HEM PRAMUKA SIAGA PANJANG [12]', 70000, 20000, 0, 0, '2025-06-09 06:24:38', '2025-06-09 06:24:38'),
('B00124', 'vdGAY0OoovTEUoMn', 'SPAN PANJANG MAXI [6]', 64000, 20000, 0, 0, '2025-06-09 06:24:38', '2025-06-09 06:24:38'),
('B00125', 'Le1JoHkMQh1sUDcD', 'SPAN PANJANG MAXI [7]', 65000, 20000, 0, 0, '2025-06-09 06:24:38', '2025-06-09 06:24:38'),
('B00126', '8xKk3LmwDpWWUirN', 'SPAN PANJANG MAXI [8]', 67000, 20000, 0, 0, '2025-06-09 06:24:38', '2025-06-09 06:24:38'),
('B00127', 'yEbuRtYWAscaKyT3', 'SPAN PANJANG MAXI [9]', 69000, 20000, 0, 0, '2025-06-09 06:24:38', '2025-06-09 06:24:38'),
('B00128', 'GgWMN58IiQAMOsZN', 'SPAN PANJANG MAXI [10]', 70000, 20000, 0, 0, '2025-06-09 06:24:38', '2025-06-09 06:24:38'),
('B00129', 'CDJi0pREF0J8mqTb', 'SPAN PANJANG MAXI [11]', 72000, 20000, 0, 0, '2025-06-09 06:24:38', '2025-06-09 06:24:38'),
('B00130', 'f28j2ffSZixmHfJA', 'SPAN PANJANG MAXI [12]', 74000, 20000, 0, 0, '2025-06-09 06:24:38', '2025-06-09 06:24:38'),
('B00131', 'fJgr1VbyE35KhUvw', 'CELANA PANJANG KARET SD [2]', 54000, 20000, 0, 0, '2025-06-09 06:24:38', '2025-06-09 06:24:38'),
('B00132', 'EyXCobjEn5jo3bdu', 'CELANA PANJANG KARET SD [3]', 56000, 20000, 0, 0, '2025-06-09 06:24:38', '2025-06-09 06:24:38'),
('B00133', '8H7kzwRkPOfRFbkW', 'CELANA PANJANG KARET SD [4]', 58000, 20000, 0, 0, '2025-06-09 06:24:38', '2025-06-09 06:24:38'),
('B00134', 'frUX0hmm3s39XO1L', 'CELANA PANJANG KARET SD [5]', 60000, 20000, 0, 0, '2025-06-09 06:24:38', '2025-06-09 06:24:38'),
('B00135', 'xwgzIBgdczM1eYt3', 'CELANA PANJANG KARET SD [6]', 62000, 20000, 0, 0, '2025-06-09 06:24:38', '2025-06-09 06:24:38'),
('B00136', 'aZSKyDRIHCbquKGZ', 'CELANA PANJANG KARET SD [7]', 64000, 20000, 0, 0, '2025-06-09 06:24:38', '2025-06-09 06:24:38'),
('B00137', 'PCfnA4Upluoz5Mfk', 'CELANA PANJANG KARET SD [8]', 66000, 20000, 0, 0, '2025-06-09 06:24:38', '2025-06-09 06:24:38'),
('B00138', 'qDQX5KxvrWTohM03', 'CELANA PANJANG KARET SD [9]', 68000, 20000, 0, 0, '2025-06-09 06:24:38', '2025-06-09 06:24:38'),
('B00139', 'aGgabGOZEVFod0qr', 'CELANA PANJANG KARET SD [10]', 70000, 20000, 0, 0, '2025-06-09 06:24:38', '2025-06-09 06:24:38'),
('B00140', 'yuG0OD4sQLujnmVn', 'CELANA PANJANG KARET KEMPOL [2]', 69500, 20000, 0, 0, '2025-06-09 06:24:38', '2025-06-09 06:24:38'),
('B00141', 'EGnm87QldTaxmv78', 'CELANA PANJANG KARET KEMPOL [3]', 71500, 20000, 0, 0, '2025-06-09 06:24:38', '2025-06-09 06:24:38'),
('B00142', '6M0s6hLFxao74owQ', 'CELANA PANJANG KARET KEMPOL [4]', 73500, 20000, 0, 0, '2025-06-09 06:24:38', '2025-06-09 06:24:38'),
('B00143', 'Bie4dc4uwKkHQwpO', 'CELANA PANJANG KARET KEMPOL [5]', 75500, 20000, 0, 0, '2025-06-09 06:24:38', '2025-06-09 06:24:38'),
('B00144', 'X8gyaTPFDdUZ9fkM', 'CELANA PANJANG KARET KEMPOL [6]', 77500, 20000, 0, 0, '2025-06-09 06:24:38', '2025-06-09 06:24:38'),
('B00145', '0uSV0V3fE1MrsF4s', 'CELANA PANJANG KARET KEMPOL [7]', 79500, 20000, 0, 0, '2025-06-09 06:24:38', '2025-06-09 06:24:38'),
('B00146', 'snuBcAsfJ2ttJfBY', 'CELANA PANJANG KARET KEMPOL [8]', 81500, 20000, 0, 0, '2025-06-09 06:24:38', '2025-06-09 06:24:38'),
('B00147', 'KZbPczb0IxMf7qZm', 'CELANA PANJANG KARET KEMPOL [9]', 83500, 20000, 0, 0, '2025-06-09 06:24:38', '2025-06-09 06:24:38'),
('B00148', '8AI4w2R5U9PsDqlr', 'CELANA PANJANG KARET KEMPOL [10]', 85500, 20000, 0, 0, '2025-06-09 06:24:38', '2025-06-09 06:24:38'),
('B00149', 'uxgGEcMyihmtNIH3', 'CELANA PANJANG KARET [26]', 69000, 20000, 0, 0, '2025-06-09 06:24:38', '2025-06-09 06:24:38'),
('B00150', 'QNNiWLFxV7R2AWSN', 'CELANA PANJANG KARET [27]', 71000, 20000, 0, 0, '2025-06-09 06:24:38', '2025-06-09 06:24:38'),
('B00151', 'U9kJ4a5pmlsExOBM', 'CELANA PANJANG KARET [28]', 73000, 20000, 0, 0, '2025-06-09 06:24:38', '2025-06-09 06:24:38'),
('B00152', 'LmHJLZ2eHkPuXHaa', 'CELANA PANJANG KARET [29]', 75000, 20000, 0, 0, '2025-06-09 06:24:38', '2025-06-09 06:24:38'),
('B00153', 'QQwayiH3h4asH1gO', 'CELANA PANJANG KARET [30]', 77000, 20000, 0, 0, '2025-06-09 06:24:38', '2025-06-09 06:24:38'),
('B00154', 'uihzgC3k6mkW0r8S', 'CELANA PANJANG KARET [31]', 79000, 20000, 0, 0, '2025-06-09 06:24:38', '2025-06-09 06:24:38'),
('B00155', 'sAaWd6AaBN2yh4sU', 'CELANA PANJANG KARET [32]', 81000, 20000, 0, 0, '2025-06-09 06:24:38', '2025-06-09 06:24:38'),
('B00156', 'ocJ4nsTqiN1uumHT', 'CELANA PANJANG KARET [33]', 83000, 20000, 0, 0, '2025-06-09 06:24:38', '2025-06-09 06:24:38'),
('B00157', 'euq6AHMTePsyPrE9', 'CELANA PANJANG KARET [34]', 85000, 20000, 0, 0, '2025-06-09 06:24:38', '2025-06-09 06:24:38'),
('B00158', 'hu0ZalZTadKCFiRU', 'CELANA PANJANG KARET [35]', 87000, 20000, 0, 0, '2025-06-09 06:24:39', '2025-06-09 06:24:39'),
('B00159', 'SQ1g8OsdCtvE6dQ7', 'CELANA PANJANG KARET [36]', 89000, 20000, 0, 0, '2025-06-09 06:24:39', '2025-06-09 06:24:39'),
('B00160', 'e8NiUi3SYHlN9APP', 'CELANA PANJANG KARET KEMPOL [26]', 83000, 20000, 0, 0, '2025-06-09 06:24:39', '2025-06-09 06:24:39'),
('B00161', 'x2as8Q01S1afspTb', 'CELANA PANJANG KARET KEMPOL [27]', 85000, 20000, 0, 0, '2025-06-09 06:24:39', '2025-06-09 06:24:39'),
('B00162', 'cnyrgMPeaMdx7eAE', 'CELANA PANJANG KARET KEMPOL [28]', 87000, 20000, 0, 0, '2025-06-09 06:24:39', '2025-06-09 06:24:39'),
('B00163', 'c4DmqWGmcyg8IFuG', 'CELANA PANJANG KARET KEMPOL [29]', 89000, 20000, 0, 0, '2025-06-09 06:24:39', '2025-06-09 06:24:39'),
('B00164', '7nAb8YOizBcVIrrl', 'CELANA PANJANG KARET KEMPOL [30]', 91000, 20000, 0, 0, '2025-06-09 06:24:39', '2025-06-09 06:24:39'),
('B00165', 'W4baaZZD7U2rpho9', 'CELANA PANJANG KARET KEMPOL [31]', 93000, 20000, 0, 0, '2025-06-09 06:24:39', '2025-06-09 06:24:39'),
('B00166', 'YErgKt7HzwOgCTV7', 'CELANA PANJANG KARET KEMPOL [32]', 95000, 20000, 0, 0, '2025-06-09 06:24:39', '2025-06-09 06:24:39'),
('B00167', 'KYS7kf6otbYNTCxS', 'CELANA PANJANG KARET KEMPOL [33]', 97000, 20000, 0, 0, '2025-06-09 06:24:39', '2025-06-09 06:24:39'),
('B00168', 't3RdiaEV6wqZkfVb', 'CELANA PANJANG KARET KEMPOL [34]', 99000, 20000, 0, 0, '2025-06-09 06:24:39', '2025-06-09 06:24:39'),
('B00169', 'KY8n1LDlK2xOyImr', 'CELANA PANJANG KARET KEMPOL [35]', 101000, 20000, 0, 0, '2025-06-09 06:24:39', '2025-06-09 06:24:39'),
('B00170', 'wPTV99MD3wsHt2BL', 'CELANA PANJANG KARET KEMPOL [36]', 103000, 20000, 0, 0, '2025-06-09 06:24:39', '2025-06-09 06:24:39'),
('B00171', '5I4RTZTwU0mDVobg', 'CELANA 3/4 KARET [2]', 45000, 20000, 0, 0, '2025-06-09 06:24:39', '2025-06-09 06:24:39'),
('B00172', 'SxeUzYXMygBSWIKY', 'CELANA 3/4 KARET [3]', 46000, 20000, 0, 0, '2025-06-09 06:24:39', '2025-06-09 06:24:39'),
('B00173', 'wp7SZThfEOQzGD52', 'CELANA 3/4 KARET [4]', 47000, 20000, 0, 0, '2025-06-09 06:24:39', '2025-06-09 06:24:39'),
('B00174', '7S96Aq5QYV5NChwK', 'CELANA 3/4 KARET [5]', 48000, 20000, 0, 0, '2025-06-09 06:24:39', '2025-06-09 06:24:39'),
('B00175', '38g6QFLbGm13o1Qs', 'CELANA 3/4 KARET [6]', 50000, 20000, 0, 0, '2025-06-09 06:24:39', '2025-06-09 06:24:39'),
('B00176', 'jpNXIGLNM9ABN0co', 'CELANA 3/4 KARET [7]', 52000, 20000, 0, 0, '2025-06-09 06:24:39', '2025-06-09 06:24:39'),
('B00177', 'fw1ntnRe7e48kVLO', 'CELANA 3/4 KARET [8]', 54000, 20000, 0, 0, '2025-06-09 06:24:39', '2025-06-09 06:24:39'),
('B00178', '105j4QK67lwR2bOC', 'CELANA 3/4 KARET [9]', 56000, 20000, 0, 0, '2025-06-09 06:24:39', '2025-06-09 06:24:39'),
('B00179', 'bPL2SqrQa3Xl9K97', 'CELANA 3/4 KARET [10]', 59000, 20000, 0, 0, '2025-06-09 06:24:39', '2025-06-09 06:24:39'),
('B00180', 'km5Xx5CkjMeG1nvn', 'CELANA 3/4 KARET [11]', 61000, 20000, 0, 0, '2025-06-09 06:24:39', '2025-06-09 06:24:39'),
('B00181', '4296S5zGUxFtuTaL', 'CELANA 3/4 KARET [12]', 64000, 20000, 0, 0, '2025-06-09 06:24:39', '2025-06-09 06:24:39'),
('B00182', 'e2XrXpZpbpvm2oMb', 'CELANA 3/4 KEMPOL [2]', 59000, 20000, 0, 0, '2025-06-09 06:24:40', '2025-06-09 06:24:40'),
('B00183', '0HVRhR4WcE2w5AqI', 'CELANA 3/4 KEMPOL [3]', 60000, 20000, 0, 0, '2025-06-09 06:24:40', '2025-06-09 06:24:40'),
('B00184', 'nMxcAzLw1ZskG5SD', 'CELANA 3/4 KEMPOL [4]', 61000, 20000, 0, 0, '2025-06-09 06:24:40', '2025-06-09 06:24:40'),
('B00185', 'ci1101mZBgVJTRPX', 'CELANA 3/4 KEMPOL [5]', 62000, 20000, 0, 0, '2025-06-09 06:24:40', '2025-06-09 06:24:40'),
('B00186', 'lmzKjNV5Jt7GKwBs', 'CELANA 3/4 KEMPOL [6]', 64000, 20000, 0, 0, '2025-06-09 06:24:40', '2025-06-09 06:24:40'),
('B00187', 'VMecXq9O2kY9yov5', 'CELANA 3/4 KEMPOL [7]', 66000, 20000, 0, 0, '2025-06-09 06:24:40', '2025-06-09 06:24:40'),
('B00188', 'EW4mshMgrLCCAnOi', 'CELANA 3/4 KEMPOL [8]', 68000, 20000, 0, 0, '2025-06-09 06:24:40', '2025-06-09 06:24:40'),
('B00189', 'rBsZhpuRxCMkKwrT', 'CELANA 3/4 KEMPOL [9]', 70000, 20000, 0, 0, '2025-06-09 06:24:40', '2025-06-09 06:24:40'),
('B00190', 'w2ItPz2JCjwP8s5v', 'CELANA 3/4 KEMPOL [10]', 72000, 20000, 0, 0, '2025-06-09 06:24:40', '2025-06-09 06:24:40'),
('B00191', '4OI9iTJPhf5tvyhj', 'CELANA 3/4 KEMPOL [11]', 74000, 20000, 0, 0, '2025-06-09 06:24:40', '2025-06-09 06:24:40'),
('B00192', 'AngMseRYgEH2daBv', 'CELANA 3/4 KEMPOL [12]', 76000, 20000, 0, 0, '2025-06-09 06:24:40', '2025-06-09 06:24:40'),
('B00193', '8JSbtSxz9Ho5t4w3', 'ROK PLISIR PENDEK [3]', 41000, 20000, 0, 0, '2025-06-09 06:24:40', '2025-06-09 06:24:40'),
('B00194', 'fRLOCnvMMdb2mDoe', 'ROK PLISIR PENDEK [4]', 43000, 20000, 0, 0, '2025-06-09 06:24:40', '2025-06-09 06:24:40'),
('B00195', 'bICl5HYmIGkzvNLa', 'ROK PLISIR PENDEK [5]', 45000, 20000, 0, 0, '2025-06-09 06:24:40', '2025-06-09 06:24:40'),
('B00196', 'siYnTcDrCoIoFyGh', 'ROK PLISIR PENDEK [6]', 47000, 20000, 0, 0, '2025-06-09 06:24:40', '2025-06-09 06:24:40'),
('B00197', 'Kp2leEYmJGN3j3a3', 'ROK PLISIR PENDEK [7]', 53000, 20000, 0, 0, '2025-06-09 06:24:40', '2025-06-09 06:24:40'),
('B00198', 'PqKg3W70qNdsMy4M', 'ROK PLISIR PENDEK [8]', 55000, 20000, 0, 0, '2025-06-09 06:24:40', '2025-06-09 06:24:40'),
('B00199', 'ELON1EpNqcYloJuN', 'ROK PLISIR PENDEK [9]', 57000, 20000, 0, 0, '2025-06-09 06:24:40', '2025-06-09 06:24:40'),
('B00200', 'xEldxPQxPbYF8xpu', 'ROK PLISIR PENDEK [10]', 60000, 20000, 0, 0, '2025-06-09 06:24:40', '2025-06-09 06:24:40'),
('B00201', '1NughkXIiQwkgjom', 'ROK PLISIR PANJANG [12]', 49000, 20000, 0, 0, '2025-06-09 06:24:40', '2025-06-09 06:24:40'),
('B00202', '2h2Ks0XdF1s308yH', 'ROK PLISIR PANJANG [13]', 51000, 20000, 0, 0, '2025-06-09 06:24:40', '2025-06-09 06:24:40'),
('B00203', 'rgpLLIO3nS5zinHU', 'ROK PLISIR PANJANG [14]', 54000, 20000, 0, 0, '2025-06-09 06:24:40', '2025-06-09 06:24:40'),
('B00204', 'hOAFD3VGsYpWnyAw', 'ROK PLISIR PANJANG [15]', 60000, 20000, 0, 0, '2025-06-09 06:24:40', '2025-06-09 06:24:40'),
('B00205', 'WlvhmHmhjdWqM9gD', 'ROK PLISIR PANJANG [16]', 64000, 20000, 0, 0, '2025-06-09 06:24:40', '2025-06-09 06:24:40'),
('B00206', 'pbLPymqoEVRkPID1', 'ROK PLISIR PANJANG [17]', 70000, 20000, 0, 0, '2025-06-09 06:24:40', '2025-06-09 06:24:40'),
('B00207', 'SEnkwIfP683BJQh7', 'ROK PLISIR PANJANG [18]', 75000, 20000, 0, 0, '2025-06-09 06:24:40', '2025-06-09 06:24:40'),
('B00208', 'yZ4ynZRitsNejFb1', 'ROK PLISIR PANJANG [19]', 77000, 20000, 0, 0, '2025-06-09 06:24:40', '2025-06-09 06:24:40'),
('B00209', 'KbwYOXVJAyNilkRG', 'ROK PLISIR PANJANG [20]', 79000, 20000, 0, 0, '2025-06-09 06:24:40', '2025-06-09 06:24:40'),
('B00210', 'CZ0dEtOJJEIPtCRj', 'ROK TURUN PINGGANG [2]', 51000, 20000, 0, 0, '2025-06-09 06:24:40', '2025-06-09 06:24:40'),
('B00211', '9j3Ppe3Ait1Mnr0P', 'ROK TURUN PINGGANG [3]', 53000, 20000, 0, 0, '2025-06-09 06:24:40', '2025-06-09 06:24:40'),
('B00212', 'lpT1T8ZoxKB4Eft6', 'ROK TURUN PINGGANG [4]', 55000, 20000, 0, 0, '2025-06-09 06:24:40', '2025-06-09 06:24:40'),
('B00213', 'kaJ2oWIiSSpO4MUc', 'ROK TURUN PINGGANG [5]', 57000, 20000, 0, 0, '2025-06-09 06:24:40', '2025-06-09 06:24:40'),
('B00214', 'O0jJBPECUTxCEuA1', 'ROK TURUN PINGGANG [6]', 63000, 20000, 0, 0, '2025-06-09 06:24:40', '2025-06-09 06:24:40'),
('B00215', '5xpxnnKeLDuUaBw1', 'ROK TURUN PINGGANG [7]', 65000, 20000, 0, 0, '2025-06-09 06:24:41', '2025-06-09 06:24:41'),
('B00216', 'wCaZ6UvU7JnEmgha', 'ROK TURUN PINGGANG [8]', 69000, 20000, 0, 0, '2025-06-09 06:24:41', '2025-06-09 06:24:41'),
('B00217', 'eysNJoYC7ZZcrcY5', 'ROK TURUN PINGGANG [9]', 71000, 20000, 0, 0, '2025-06-09 06:24:41', '2025-06-09 06:24:41'),
('B00218', 'tGfFuSA2FxV3M0oT', 'ROK TURUN PINGGANG [10]', 74000, 20000, 0, 0, '2025-06-09 06:24:41', '2025-06-09 06:24:41'),
('B00219', 'x6GwH5gbhEh15Km0', 'ROK TURUN PINGGANG [11]', 85000, 20000, 0, 0, '2025-06-09 06:24:41', '2025-06-09 06:24:41'),
('B00220', '3dIq2T8PrilnDvaN', 'ROK TURUN PINGGANG [12]', 88000, 20000, 0, 0, '2025-06-09 06:24:41', '2025-06-09 06:24:41'),
('B00221', 'ZFSe6YX1XuyLZDWI', 'ROK KULOT [3]', 61000, 20000, 0, 0, '2025-06-09 06:24:41', '2025-06-09 06:24:41'),
('B00222', 'iSqCKN2uSXf2LkrL', 'ROK KULOT [4]', 62000, 20000, 0, 0, '2025-06-09 06:24:41', '2025-06-09 06:24:41'),
('B00223', 'Zfejic9Fj8EFPBya', 'ROK KULOT [5]', 63000, 20000, 0, 0, '2025-06-09 06:24:41', '2025-06-09 06:24:41'),
('B00224', 'ViNPRFXN8wHVS5Zu', 'ROK KULOT [6]', 64000, 20000, 0, 0, '2025-06-09 06:24:41', '2025-06-09 06:24:41'),
('B00225', 'rogNElkbfQN9gqfn', 'ROK KULOT [7]', 65000, 20000, 0, 0, '2025-06-09 06:24:41', '2025-06-09 06:24:41'),
('B00226', 'QZHllatOXZd6SKay', 'ROK KULOT [8]', 66000, 20000, 0, 0, '2025-06-09 06:24:41', '2025-06-09 06:24:41'),
('B00227', 'kJiH2z5XhEDLMYlK', 'ROK KULOT [9]', 67000, 20000, 0, 0, '2025-06-09 06:24:41', '2025-06-09 06:24:41'),
('B00228', 'MFFgBEAqufzn5UWP', 'ROK KULOT [10]', 68000, 20000, 0, 0, '2025-06-09 06:24:41', '2025-06-09 06:24:41'),
('B00229', 'CW4ctKj5g69h5NkP', 'ROK KULOT [11]', 69000, 20000, 0, 0, '2025-06-09 06:24:41', '2025-06-09 06:24:41'),
('B00230', 'fkhn8ztaPmmxgSQq', 'ROK KULOT [12]', 71000, 20000, 0, 0, '2025-06-09 06:24:41', '2025-06-09 06:24:41'),
('B00231', 'bj6ZiJVWbsuywBmr', 'SPAN TUTUP PANJANG [6]', 70000, 20000, 0, 0, '2025-06-09 06:24:41', '2025-06-09 06:24:41'),
('B00232', 'Ytscq9SfX3oaRdnm', 'SPAN TUTUP PANJANG [7]', 72000, 20000, 0, 0, '2025-06-09 06:24:41', '2025-06-09 06:24:41'),
('B00233', '4gZ4jy5Uco083rww', 'SPAN TUTUP PANJANG [8]', 74000, 20000, 0, 0, '2025-06-09 06:24:41', '2025-06-09 06:24:41'),
('B00234', 'KUr29eg5fCqFy2da', 'SPAN TUTUP PANJANG [9]', 76000, 20000, 0, 0, '2025-06-09 06:24:41', '2025-06-09 06:24:41'),
('B00235', 'rxVqfb2rS6NZaPgo', 'SPAN TUTUP PANJANG [10]', 78000, 20000, 0, 0, '2025-06-09 06:24:41', '2025-06-09 06:24:41'),
('B00236', 'OhewAQVMeeu0Cth3', 'SPAN TUTUP PANJANG [11]', 80000, 20000, 0, 0, '2025-06-09 06:24:41', '2025-06-09 06:24:41'),
('B00237', 'n8qc61zrNzVDvyst', 'SPAN TUTUP PANJANG [12]', 82000, 20000, 0, 0, '2025-06-09 06:24:41', '2025-06-09 06:24:41'),
('B00238', 'LniHzZ0pgd0k2Hqv', 'HEM PUTIH MUSLIM [2]', 43000, 20000, 0, 0, '2025-06-09 06:24:41', '2025-06-09 06:24:41'),
('B00239', 'Y8c0cLRRNtwDQIHl', 'HEM PUTIH MUSLIM [3]', 45000, 20000, 0, 0, '2025-06-09 06:24:41', '2025-06-09 06:24:41'),
('B00240', 'EBsaME90XJzrMXkR', 'HEM PUTIH MUSLIM [4]', 47000, 20000, 0, 0, '2025-06-09 06:24:41', '2025-06-09 06:24:41'),
('B00241', 'RVyFg3ynaIxnXFRH', 'HEM PUTIH MUSLIM [5]', 49000, 20000, 0, 0, '2025-06-09 06:24:41', '2025-06-09 06:24:41'),
('B00242', 'rfDRcrtFsVsjc3fi', 'HEM PUTIH MUSLIM [6]', 51000, 20000, 0, 0, '2025-06-09 06:24:41', '2025-06-09 06:24:41'),
('B00243', 'tAtcpPb5bdBge8ed', 'HEM PUTIH MUSLIM [7]', 53000, 20000, 0, 0, '2025-06-09 06:24:41', '2025-06-09 06:24:41'),
('B00244', 'rQ35qWP2pHkvFEsx', 'HEM PUTIH MUSLIM [8]', 55000, 20000, 0, 0, '2025-06-09 06:24:41', '2025-06-09 06:24:41'),
('B00245', '4pmkyXo60gWThaYm', 'HEM PUTIH MUSLIM [9]', 59000, 20000, 0, 0, '2025-06-09 06:24:41', '2025-06-09 06:24:41'),
('B00246', '4Mp8fbdGKohzzEkw', 'HEM PUTIH MUSLIM [10]', 61000, 20000, 0, 0, '2025-06-09 06:24:41', '2025-06-09 06:24:41'),
('B00247', 'VDMjiXnwGpx15fXP', 'HEM PUTIH MUSLIM [11]', 63000, 20000, 0, 0, '2025-06-09 06:24:41', '2025-06-09 06:24:41'),
('B00248', 'dArLvoSghLVh8hm1', 'HEM PUTIH MUSLIM [12]', 65000, 20000, 0, 0, '2025-06-09 06:24:41', '2025-06-09 06:24:41');

-- --------------------------------------------------------

--
-- Table structure for table `barang_gudangs`
--

CREATE TABLE `barang_gudangs` (
  `barang_gudang_id` varchar(255) COLLATE utf8mb4_unicode_ci NOT NULL,
  `slug` varchar(255) COLLATE utf8mb4_unicode_ci NOT NULL,
  `barang_id` varchar(255) COLLATE utf8mb4_unicode_ci NOT NULL,
  `gudang_id` varchar(255) COLLATE utf8mb4_unicode_ci NOT NULL,
  `stok_awal` int NOT NULL DEFAULT '0',
  `stok_masuk` int NOT NULL DEFAULT '0',
  `stok_keluar` int NOT NULL DEFAULT '0',
  `created_at` timestamp NULL DEFAULT NULL,
  `updated_at` timestamp NULL DEFAULT NULL
) ENGINE=InnoDB DEFAULT CHARSET=utf8mb4 COLLATE=utf8mb4_unicode_ci;

--
-- Dumping data for table `barang_gudangs`
--

INSERT INTO `barang_gudangs` (`barang_gudang_id`, `slug`, `barang_id`, `gudang_id`, `stok_awal`, `stok_masuk`, `stok_keluar`, `created_at`, `updated_at`) VALUES
('G00001B00001', 'FwTmentM4cN92r9b', 'B00001', 'G00001', 0, 999999999, 0, '2025-06-09 06:24:42', '2025-06-09 17:57:45'),
('G00001B00002', 'yqwDDbuRfIbRVFDd', 'B00002', 'G00001', 0, 999999999, 0, '2025-06-09 06:24:42', '2025-06-09 06:24:42'),
('G00001B00003', 'x8s8pUpQfJRHYaCo', 'B00003', 'G00001', 0, 999999999, 0, '2025-06-09 06:24:42', '2025-06-09 06:24:42'),
('G00001B00004', 'ZkdzSkAN1vyoSSEr', 'B00004', 'G00001', 0, 999999999, 0, '2025-06-09 06:24:42', '2025-06-09 06:24:42'),
('G00001B00005', 'XJbFa3ma7yeudUaU', 'B00005', 'G00001', 0, 999999999, 0, '2025-06-09 06:24:42', '2025-06-09 17:57:45'),
('G00001B00006', 'FU8Q4JdmDcY9q6vJ', 'B00006', 'G00001', 0, 999999999, 0, '2025-06-09 06:24:42', '2025-06-09 06:24:42'),
('G00001B00007', 'B7a0fUqDYFt7a2SK', 'B00007', 'G00001', 0, 999999999, 0, '2025-06-09 06:24:43', '2025-06-09 06:24:43'),
('G00001B00008', '9qQhvuMwIJxGf0hp', 'B00008', 'G00001', 0, 999999999, 0, '2025-06-09 06:24:43', '2025-06-09 06:24:43'),
('G00001B00009', 'xfwmNOMjf6PVmgQZ', 'B00009', 'G00001', 0, 999999999, 0, '2025-06-09 06:24:43', '2025-06-09 06:24:43'),
('G00001B00010', 'xbQStvQYK590jfdX', 'B00010', 'G00001', 0, 999999999, 0, '2025-06-09 06:24:43', '2025-06-09 06:24:43'),
('G00001B00011', 'l5ZBPgbfrQznk9uI', 'B00011', 'G00001', 0, 999999999, 0, '2025-06-09 06:24:43', '2025-06-09 06:24:43'),
('G00001B00012', 'p31L3SZ60P9Uop01', 'B00012', 'G00001', 0, 999999999, 0, '2025-06-09 06:24:43', '2025-06-09 06:24:43'),
('G00001B00013', 'Ji8LuTSWGHuiIKNj', 'B00013', 'G00001', 0, 999999999, 0, '2025-06-09 06:24:43', '2025-06-09 06:24:43'),
('G00001B00014', 'G04T8GqX7U3iAncP', 'B00014', 'G00001', 0, 999999999, 0, '2025-06-09 06:24:43', '2025-06-09 06:24:43'),
('G00001B00015', 'jV6E0h3L6fcGHvt0', 'B00015', 'G00001', 0, 999999999, 0, '2025-06-09 06:24:43', '2025-06-09 06:24:43'),
('G00001B00016', 'PbDqT4PNax4PmaHW', 'B00016', 'G00001', 0, 999999999, 0, '2025-06-09 06:24:43', '2025-06-09 06:24:43'),
('G00001B00017', 'QgCjtGRdMj2aBTaH', 'B00017', 'G00001', 0, 999999999, 0, '2025-06-09 06:24:43', '2025-06-09 06:24:43'),
('G00001B00018', 'Akj1m0piHJJVJXWQ', 'B00018', 'G00001', 0, 999999999, 0, '2025-06-09 06:24:43', '2025-06-09 06:24:43'),
('G00001B00019', 'Y5d6d6PbE4Bw5wCA', 'B00019', 'G00001', 0, 999999999, 0, '2025-06-09 06:24:43', '2025-06-09 06:24:43'),
('G00001B00020', 'm83IOhtfxKI8Lr1e', 'B00020', 'G00001', 0, 999999999, 0, '2025-06-09 06:24:43', '2025-06-09 06:24:43'),
('G00001B00021', 'yUPkzncbrQ6pUk2a', 'B00021', 'G00001', 0, 999999999, 0, '2025-06-09 06:24:43', '2025-06-09 06:24:43'),
('G00001B00022', 'OVQs4G90UDEwMSuQ', 'B00022', 'G00001', 0, 999999999, 0, '2025-06-09 06:24:43', '2025-06-09 06:24:43'),
('G00001B00023', 'Q876fBdyS0dabd7x', 'B00023', 'G00001', 0, 999999999, 0, '2025-06-09 06:24:43', '2025-06-09 06:24:43'),
('G00001B00024', '9YncdHt7PTwEKbAb', 'B00024', 'G00001', 0, 999999999, 0, '2025-06-09 06:24:43', '2025-06-09 06:24:43'),
('G00001B00025', '66VgWvfgMLu9BPP5', 'B00025', 'G00001', 0, 999999999, 0, '2025-06-09 06:24:43', '2025-06-09 06:24:43'),
('G00001B00026', 'xJGiUlhzlZFyUqK3', 'B00026', 'G00001', 0, 999999999, 0, '2025-06-09 06:24:43', '2025-06-09 06:24:43'),
('G00001B00027', 'LzfcvUefMzs5BR88', 'B00027', 'G00001', 0, 999999999, 0, '2025-06-09 06:24:43', '2025-06-09 06:24:43'),
('G00001B00028', 'XNde9OOuqGVTVCHf', 'B00028', 'G00001', 0, 999999999, 0, '2025-06-09 06:24:43', '2025-06-09 06:24:43'),
('G00001B00029', 'BI5hmg6UEIch3gSb', 'B00029', 'G00001', 0, 999999999, 0, '2025-06-09 06:24:43', '2025-06-09 06:24:43'),
('G00001B00030', 'gvQoBgmIXwgA3cwp', 'B00030', 'G00001', 0, 999999999, 0, '2025-06-09 06:24:43', '2025-06-09 06:24:43'),
('G00001B00031', 'QaiH3582hki0QHcr', 'B00031', 'G00001', 0, 999999999, 0, '2025-06-09 06:24:43', '2025-06-09 06:24:43'),
('G00001B00032', 'O96hqsSTpvQEch4Z', 'B00032', 'G00001', 0, 999999999, 0, '2025-06-09 06:24:43', '2025-06-09 06:24:43'),
('G00001B00033', 'lZqwFoddfcCEZynB', 'B00033', 'G00001', 0, 999999999, 0, '2025-06-09 06:24:43', '2025-06-09 06:24:43'),
('G00001B00034', 'EC6AoVeB8vtbMsnp', 'B00034', 'G00001', 0, 999999999, 0, '2025-06-09 06:24:43', '2025-06-09 06:24:43'),
('G00001B00035', 'bTW6ksIneUeVFX80', 'B00035', 'G00001', 0, 999999999, 0, '2025-06-09 06:24:43', '2025-06-09 06:24:43'),
('G00001B00036', 'AEf9SE6UmjCYhxhn', 'B00036', 'G00001', 0, 999999999, 0, '2025-06-09 06:24:43', '2025-06-09 06:24:43'),
('G00001B00037', 'Z23QYXfQvyw2hLec', 'B00037', 'G00001', 0, 999999999, 0, '2025-06-09 06:24:43', '2025-06-09 06:24:43'),
('G00001B00038', 'PescSG8YAnhwBeUd', 'B00038', 'G00001', 0, 999999999, 0, '2025-06-09 06:24:43', '2025-06-09 06:24:43'),
('G00001B00039', 'n9FwiGaDSMHc1TIV', 'B00039', 'G00001', 0, 999999999, 0, '2025-06-09 06:24:43', '2025-06-09 06:24:43'),
('G00001B00040', 'i7l7x5IHiD74uBs3', 'B00040', 'G00001', 0, 999999999, 0, '2025-06-09 06:24:43', '2025-06-09 06:24:43'),
('G00001B00041', 'D43ST1S7oheS57ja', 'B00041', 'G00001', 0, 999999999, 0, '2025-06-09 06:24:43', '2025-06-09 06:24:43'),
('G00001B00042', 'S8tqyXekTg97FeP9', 'B00042', 'G00001', 0, 999999999, 0, '2025-06-09 06:24:43', '2025-06-09 06:24:43'),
('G00001B00043', '71Fi4BTrMMAFGQyD', 'B00043', 'G00001', 0, 999999999, 0, '2025-06-09 06:24:43', '2025-06-09 06:24:43'),
('G00001B00044', 'alO9LP9od3furP3o', 'B00044', 'G00001', 0, 999999999, 0, '2025-06-09 06:24:43', '2025-06-09 06:24:43'),
('G00001B00045', '4VfCds9GQ2Zzy2lm', 'B00045', 'G00001', 0, 999999999, 0, '2025-06-09 06:24:44', '2025-06-09 06:24:44'),
('G00001B00046', '6NKkFt5V1ltVBAlJ', 'B00046', 'G00001', 0, 999999999, 0, '2025-06-09 06:24:44', '2025-06-09 06:24:44'),
('G00001B00047', 'LZ7bqx7O9r5jvjqu', 'B00047', 'G00001', 0, 999999999, 0, '2025-06-09 06:24:44', '2025-06-09 06:24:44'),
('G00001B00048', 'wHldugR7wvzZVM8U', 'B00048', 'G00001', 0, 999999999, 0, '2025-06-09 06:24:44', '2025-06-09 06:24:44'),
('G00001B00049', 'iDA7yytuC3ls3T1e', 'B00049', 'G00001', 0, 999999999, 0, '2025-06-09 06:24:44', '2025-06-09 06:24:44'),
('G00001B00050', 'DpwkgwUS4fXFSKS3', 'B00050', 'G00001', 0, 999999999, 0, '2025-06-09 06:24:44', '2025-06-09 06:24:44'),
('G00001B00051', 'Upf8v4MMntP7GIZU', 'B00051', 'G00001', 0, 999999999, 0, '2025-06-09 06:24:44', '2025-06-09 06:24:44'),
('G00001B00052', 'WYXXqMx8N3zwFdnk', 'B00052', 'G00001', 0, 999999999, 0, '2025-06-09 06:24:44', '2025-06-09 06:24:44'),
('G00001B00053', '9nOJZWaxdIiQUKB4', 'B00053', 'G00001', 0, 999999999, 0, '2025-06-09 06:24:44', '2025-06-09 06:24:44'),
('G00001B00054', 'XEigPSDL3bNoLPzA', 'B00054', 'G00001', 0, 999999999, 0, '2025-06-09 06:24:44', '2025-06-09 06:24:44'),
('G00001B00055', 'c0h9epX6XwqeGIXF', 'B00055', 'G00001', 0, 999999999, 0, '2025-06-09 06:24:44', '2025-06-09 06:24:44'),
('G00001B00056', 'xt3gr5Ysx0KSmTHN', 'B00056', 'G00001', 0, 999999999, 0, '2025-06-09 06:24:44', '2025-06-09 06:24:44'),
('G00001B00057', 'x6qSOK1oFz3AI5Fz', 'B00057', 'G00001', 0, 999999999, 0, '2025-06-09 06:24:44', '2025-06-09 06:24:44'),
('G00001B00058', 'ViPtF4qO7ymeONwj', 'B00058', 'G00001', 0, 999999999, 0, '2025-06-09 06:24:44', '2025-06-09 06:24:44'),
('G00001B00059', 'rnMricdE3vNsGhuX', 'B00059', 'G00001', 0, 999999999, 0, '2025-06-09 06:24:44', '2025-06-09 06:24:44'),
('G00001B00060', 'vo4ir4Z8f7gCJp9b', 'B00060', 'G00001', 0, 999999999, 0, '2025-06-09 06:24:44', '2025-06-09 06:24:44'),
('G00001B00061', 'BGU4wVDufzDM9fxz', 'B00061', 'G00001', 0, 999999999, 0, '2025-06-09 06:24:44', '2025-06-09 06:24:44'),
('G00001B00062', 'LIcKTvomvtX3UWDa', 'B00062', 'G00001', 0, 999999999, 0, '2025-06-09 06:24:44', '2025-06-09 06:24:44'),
('G00001B00063', 'CfVlRCqL9igXQgbA', 'B00063', 'G00001', 0, 999999999, 0, '2025-06-09 06:24:44', '2025-06-09 06:24:44'),
('G00001B00064', 'hYwE3mproE69JT7n', 'B00064', 'G00001', 0, 999999999, 0, '2025-06-09 06:24:44', '2025-06-09 06:24:44'),
('G00001B00065', 'VtvkEtUkwk7snKho', 'B00065', 'G00001', 0, 999999999, 0, '2025-06-09 06:24:44', '2025-06-09 06:24:44'),
('G00001B00066', 'VxNNhRtH7HlcE9UX', 'B00066', 'G00001', 0, 999999999, 0, '2025-06-09 06:24:44', '2025-06-09 06:24:44'),
('G00001B00067', 'UpsQ0hT44uQgeXoo', 'B00067', 'G00001', 0, 999999999, 0, '2025-06-09 06:24:44', '2025-06-09 06:24:44'),
('G00001B00068', '9Yb2HK9cGzF6gQaN', 'B00068', 'G00001', 0, 999999999, 0, '2025-06-09 06:24:44', '2025-06-09 06:24:44'),
('G00001B00069', 'MOoMGgyJac5XHC66', 'B00069', 'G00001', 0, 999999999, 0, '2025-06-09 06:24:44', '2025-06-09 06:24:44'),
('G00001B00070', 'qJpbhnn0CbYZ1eCB', 'B00070', 'G00001', 0, 999999999, 0, '2025-06-09 06:24:44', '2025-06-09 06:24:44'),
('G00001B00071', 'LvYclzHs0qeGPPnX', 'B00071', 'G00001', 0, 999999999, 0, '2025-06-09 06:24:44', '2025-06-09 06:24:44'),
('G00001B00072', 'X0k2wxZXvUbn16mV', 'B00072', 'G00001', 0, 999999999, 0, '2025-06-09 06:24:44', '2025-06-09 06:24:44'),
('G00001B00073', 'CKgYhlC85p4urS7O', 'B00073', 'G00001', 0, 999999999, 0, '2025-06-09 06:24:44', '2025-06-09 06:24:44'),
('G00001B00074', 'fdzbMPmpcjfumtjO', 'B00074', 'G00001', 0, 999999999, 0, '2025-06-09 06:24:44', '2025-06-09 06:24:44'),
('G00001B00075', 'pzAqSUWslOxpG7Wc', 'B00075', 'G00001', 0, 999999999, 0, '2025-06-09 06:24:44', '2025-06-09 06:24:44'),
('G00001B00076', 'ispUVfRRwSlHL87m', 'B00076', 'G00001', 0, 999999999, 0, '2025-06-09 06:24:44', '2025-06-09 06:24:44'),
('G00001B00077', 'OmVl7HFcXJ7CHqCq', 'B00077', 'G00001', 0, 999999999, 0, '2025-06-09 06:24:44', '2025-06-09 06:24:44'),
('G00001B00078', 'gxUJ5eZZfYRaaeGI', 'B00078', 'G00001', 0, 999999999, 0, '2025-06-09 06:24:44', '2025-06-09 06:24:44'),
('G00001B00079', 'atTz0jYqE6PcfPDx', 'B00079', 'G00001', 0, 999999999, 0, '2025-06-09 06:24:44', '2025-06-09 06:24:44'),
('G00001B00080', 'v9MCbsOWKWjM11bW', 'B00080', 'G00001', 0, 999999999, 0, '2025-06-09 06:24:44', '2025-06-09 06:24:44'),
('G00001B00081', '2bE66wWG3l7dUouM', 'B00081', 'G00001', 0, 999999999, 0, '2025-06-09 06:24:44', '2025-06-09 06:24:44'),
('G00001B00082', 'iNlyqbe0EbgW6yJ3', 'B00082', 'G00001', 0, 999999999, 0, '2025-06-09 06:24:44', '2025-06-09 06:24:44'),
('G00001B00083', 'IjJTb9wXPRHrSG4j', 'B00083', 'G00001', 0, 999999999, 0, '2025-06-09 06:24:44', '2025-06-09 06:24:44'),
('G00001B00084', 'DYdYhn0V10lZix2X', 'B00084', 'G00001', 0, 999999999, 0, '2025-06-09 06:24:44', '2025-06-09 06:24:44'),
('G00001B00085', 'DtAqPxFk49psSsxx', 'B00085', 'G00001', 0, 999999999, 0, '2025-06-09 06:24:44', '2025-06-09 06:24:44'),
('G00001B00086', 'A7GeZS2p4pSFeLM8', 'B00086', 'G00001', 0, 999999999, 0, '2025-06-09 06:24:44', '2025-06-09 06:24:44'),
('G00001B00087', 'RdtqiHXKd7zjX0AC', 'B00087', 'G00001', 0, 999999999, 0, '2025-06-09 06:24:45', '2025-06-09 06:24:45'),
('G00001B00088', '2CTDSVf3MGy7Gcao', 'B00088', 'G00001', 0, 999999999, 0, '2025-06-09 06:24:45', '2025-06-09 06:24:45'),
('G00001B00089', 'ODU3hn3scFQCFl4k', 'B00089', 'G00001', 0, 999999999, 0, '2025-06-09 06:24:45', '2025-06-09 06:24:45'),
('G00001B00090', 'AAwbbVwuI3PDmWKg', 'B00090', 'G00001', 0, 999999999, 0, '2025-06-09 06:24:45', '2025-06-09 06:24:45'),
('G00001B00091', 'YID9UaWNOKrzcEbI', 'B00091', 'G00001', 0, 999999999, 0, '2025-06-09 06:24:45', '2025-06-09 06:24:45'),
('G00001B00092', '15ENUzKQWDgI3ymY', 'B00092', 'G00001', 0, 999999999, 0, '2025-06-09 06:24:45', '2025-06-09 06:24:45'),
('G00001B00093', 'ZjI1IYqu7lz4uPqe', 'B00093', 'G00001', 0, 999999999, 0, '2025-06-09 06:24:45', '2025-06-09 06:24:45'),
('G00001B00094', 'GYiLyE1GxmYpcXvw', 'B00094', 'G00001', 0, 999999999, 0, '2025-06-09 06:24:45', '2025-06-09 06:24:45'),
('G00001B00095', 'wwhfNuUeMRQTZsp9', 'B00095', 'G00001', 0, 999999999, 0, '2025-06-09 06:24:45', '2025-06-09 06:24:45'),
('G00001B00096', '043J4oDOKALrIxCi', 'B00096', 'G00001', 0, 999999999, 0, '2025-06-09 06:24:45', '2025-06-09 06:24:45'),
('G00001B00097', 'v9essqNH2nF7aViz', 'B00097', 'G00001', 0, 999999999, 0, '2025-06-09 06:24:45', '2025-06-09 06:24:45'),
('G00001B00098', 'IQJVva0nk6ELTGtc', 'B00098', 'G00001', 0, 999999999, 0, '2025-06-09 06:24:45', '2025-06-09 06:24:45'),
('G00001B00099', 'ZDLE39ZBAz6QFvrp', 'B00099', 'G00001', 0, 999999999, 0, '2025-06-09 06:24:45', '2025-06-09 06:24:45'),
('G00001B00100', 'n47iGXZazFmo2jUB', 'B00100', 'G00001', 0, 999999999, 0, '2025-06-09 06:24:45', '2025-06-09 06:24:45'),
('G00001B00101', '4Rz8CfVs0Gc5ItXO', 'B00101', 'G00001', 0, 999999999, 0, '2025-06-09 06:24:45', '2025-06-09 06:24:45'),
('G00001B00102', 'kffdgV9t5qqabI4m', 'B00102', 'G00001', 0, 999999999, 0, '2025-06-09 06:24:45', '2025-06-09 06:24:45'),
('G00001B00103', 'u4pmMCpfSkMwWVix', 'B00103', 'G00001', 0, 999999999, 0, '2025-06-09 06:24:45', '2025-06-09 06:24:45'),
('G00001B00104', 'g8bHtbP553jDeYNJ', 'B00104', 'G00001', 0, 999999999, 0, '2025-06-09 06:24:45', '2025-06-09 06:24:45'),
('G00001B00105', 'k5Pm49EfjDqpSK0u', 'B00105', 'G00001', 0, 999999999, 0, '2025-06-09 06:24:45', '2025-06-09 06:24:45'),
('G00001B00106', 'gc0DAmQBDKWvEolX', 'B00106', 'G00001', 0, 999999999, 0, '2025-06-09 06:24:45', '2025-06-09 06:24:45'),
('G00001B00107', 'WpaRqVmvz9MkE8mj', 'B00107', 'G00001', 0, 999999999, 0, '2025-06-09 06:24:45', '2025-06-09 06:24:45'),
('G00001B00108', 'CjRxX2rgRbBkc7s5', 'B00108', 'G00001', 0, 999999999, 0, '2025-06-09 06:24:45', '2025-06-09 06:24:45'),
('G00001B00109', '27FZwMhHovDVhTN0', 'B00109', 'G00001', 0, 999999999, 0, '2025-06-09 06:24:45', '2025-06-09 06:24:45'),
('G00001B00110', '9ScQ6EsP5lR53dk2', 'B00110', 'G00001', 0, 999999999, 0, '2025-06-09 06:24:45', '2025-06-09 06:24:45'),
('G00001B00111', 'fHxscZRRlZ572Dkx', 'B00111', 'G00001', 0, 999999999, 0, '2025-06-09 06:24:45', '2025-06-09 06:24:45'),
('G00001B00112', 'lXyeAGuEB9olnuDT', 'B00112', 'G00001', 0, 999999999, 0, '2025-06-09 06:24:45', '2025-06-09 06:24:45'),
('G00001B00113', '8EuZW8oWdMPDYhiX', 'B00113', 'G00001', 0, 999999999, 0, '2025-06-09 06:24:45', '2025-06-09 06:24:45'),
('G00001B00114', '7uSbT3HPfzBJVPwv', 'B00114', 'G00001', 0, 999999999, 0, '2025-06-09 06:24:45', '2025-06-09 06:24:45'),
('G00001B00115', 'CLlhbIqvAcQo7U0z', 'B00115', 'G00001', 0, 999999999, 0, '2025-06-09 06:24:45', '2025-06-09 06:24:45'),
('G00001B00116', 'zszOcI1QaNrsqFIs', 'B00116', 'G00001', 0, 999999999, 0, '2025-06-09 06:24:45', '2025-06-09 06:24:45'),
('G00001B00117', 'tk2vf9VIzVzVRes8', 'B00117', 'G00001', 0, 999999999, 0, '2025-06-09 06:24:45', '2025-06-09 06:24:45'),
('G00001B00118', 'zY4uFfazlRpx7Qgg', 'B00118', 'G00001', 0, 999999999, 0, '2025-06-09 06:24:45', '2025-06-09 06:24:45'),
('G00001B00119', 'jYKiUpIFd2EHO9Rb', 'B00119', 'G00001', 0, 999999999, 0, '2025-06-09 06:24:45', '2025-06-09 06:24:45'),
('G00001B00120', 'a2yeRugv714PwBYH', 'B00120', 'G00001', 0, 999999999, 0, '2025-06-09 06:24:45', '2025-06-09 06:24:45'),
('G00001B00121', 'pYQQWuoe8FuRTk2r', 'B00121', 'G00001', 0, 999999999, 0, '2025-06-09 06:24:45', '2025-06-09 06:24:45'),
('G00001B00122', 'CWW6vLRwfWQJmarp', 'B00122', 'G00001', 0, 999999999, 0, '2025-06-09 06:24:46', '2025-06-09 06:24:46'),
('G00001B00123', 'MAx5KsYgmoIUmuhQ', 'B00123', 'G00001', 0, 999999999, 0, '2025-06-09 06:24:46', '2025-06-09 06:24:46'),
('G00001B00124', '2xqfGhHHqrRrPDAU', 'B00124', 'G00001', 0, 999999999, 0, '2025-06-09 06:24:46', '2025-06-09 06:24:46'),
('G00001B00125', 'BtZp6vY9jab0VeVF', 'B00125', 'G00001', 0, 999999999, 0, '2025-06-09 06:24:46', '2025-06-09 06:24:46'),
('G00001B00126', 'F6cUJJlyyygBU9ya', 'B00126', 'G00001', 0, 999999999, 0, '2025-06-09 06:24:46', '2025-06-09 06:24:46'),
('G00001B00127', 'IZc5SsDgwcWH8DK7', 'B00127', 'G00001', 0, 999999999, 0, '2025-06-09 06:24:46', '2025-06-09 06:24:46'),
('G00001B00128', 'pumygM3Yqcwgmm6M', 'B00128', 'G00001', 0, 999999999, 0, '2025-06-09 06:24:46', '2025-06-09 06:24:46'),
('G00001B00129', 'ar1GjaRbNyYSFMv5', 'B00129', 'G00001', 0, 999999999, 0, '2025-06-09 06:24:46', '2025-06-09 06:24:46'),
('G00001B00130', 'Ka4exWJlwJS0Xz74', 'B00130', 'G00001', 0, 999999999, 0, '2025-06-09 06:24:46', '2025-06-09 06:24:46'),
('G00001B00131', 'RvDZUj2vnyGkEXKE', 'B00131', 'G00001', 0, 999999999, 0, '2025-06-09 06:24:46', '2025-06-09 06:24:46'),
('G00001B00132', 'u9RgTGCfnKx7G8hJ', 'B00132', 'G00001', 0, 999999999, 0, '2025-06-09 06:24:46', '2025-06-09 06:24:46'),
('G00001B00133', '8IUWXXMON1b1aOck', 'B00133', 'G00001', 0, 999999999, 0, '2025-06-09 06:24:46', '2025-06-09 06:24:46'),
('G00001B00134', 'nSn45Sn85Oi5Ql9H', 'B00134', 'G00001', 0, 999999999, 0, '2025-06-09 06:24:46', '2025-06-09 06:24:46'),
('G00001B00135', '8SD57UkBxyNjeLiF', 'B00135', 'G00001', 0, 999999999, 0, '2025-06-09 06:24:46', '2025-06-09 06:24:46'),
('G00001B00136', 'xbO9OwllEaGWvYlm', 'B00136', 'G00001', 0, 999999999, 0, '2025-06-09 06:24:46', '2025-06-09 06:24:46'),
('G00001B00137', 'ynJCkC7fSyuQCToh', 'B00137', 'G00001', 0, 999999999, 0, '2025-06-09 06:24:46', '2025-06-09 06:24:46'),
('G00001B00138', 'jxIJNh6D6w6uB6bT', 'B00138', 'G00001', 0, 999999999, 0, '2025-06-09 06:24:46', '2025-06-09 06:24:46'),
('G00001B00139', 'cZ1JVVw55B5G7kS0', 'B00139', 'G00001', 0, 999999999, 0, '2025-06-09 06:24:46', '2025-06-09 06:24:46'),
('G00001B00140', 'pwszbp0v53lyNoML', 'B00140', 'G00001', 0, 999999999, 0, '2025-06-09 06:24:46', '2025-06-09 06:24:46'),
('G00001B00141', 'VJaFZQaMuebKPtw4', 'B00141', 'G00001', 0, 999999999, 0, '2025-06-09 06:24:46', '2025-06-09 06:24:46'),
('G00001B00142', 'wDKTPyysvE2qjN3w', 'B00142', 'G00001', 0, 999999999, 0, '2025-06-09 06:24:46', '2025-06-09 17:57:45'),
('G00001B00143', 'iqx51y5pSHAJbDga', 'B00143', 'G00001', 0, 999999999, 0, '2025-06-09 06:24:46', '2025-06-09 06:24:46'),
('G00001B00144', '4zN0TRROMDZOeQWU', 'B00144', 'G00001', 0, 999999999, 0, '2025-06-09 06:24:46', '2025-06-09 06:24:46'),
('G00001B00145', 'njSJnLXoGZq4b1iz', 'B00145', 'G00001', 0, 999999999, 0, '2025-06-09 06:24:46', '2025-06-09 06:24:46'),
('G00001B00146', '5E56NGVk2kihzF4a', 'B00146', 'G00001', 0, 999999999, 0, '2025-06-09 06:24:46', '2025-06-09 06:24:46'),
('G00001B00147', '5cJ963aBt11ZXIGX', 'B00147', 'G00001', 0, 999999999, 0, '2025-06-09 06:24:46', '2025-06-09 06:24:46'),
('G00001B00148', '4Nl9aiXpk4DESeg4', 'B00148', 'G00001', 0, 999999999, 0, '2025-06-09 06:24:46', '2025-06-09 06:24:46'),
('G00001B00149', 'pwfinuYJD3doZEPg', 'B00149', 'G00001', 0, 999999999, 0, '2025-06-09 06:24:46', '2025-06-09 06:24:46'),
('G00001B00150', 'MetLeAZrFgsKowBn', 'B00150', 'G00001', 0, 999999999, 0, '2025-06-09 06:24:46', '2025-06-09 06:24:46'),
('G00001B00151', 'ei5jo0pPRUf7zEQf', 'B00151', 'G00001', 0, 999999999, 0, '2025-06-09 06:24:46', '2025-06-09 06:24:46'),
('G00001B00152', 'upYAO4bVgS6e0wBo', 'B00152', 'G00001', 0, 999999999, 0, '2025-06-09 06:24:46', '2025-06-09 06:24:46'),
('G00001B00153', 'MycjiAru44PDc66d', 'B00153', 'G00001', 0, 999999999, 0, '2025-06-09 06:24:46', '2025-06-09 06:24:46'),
('G00001B00154', '0sTgacfd7Q01sLKh', 'B00154', 'G00001', 0, 999999999, 0, '2025-06-09 06:24:46', '2025-06-09 06:24:46'),
('G00001B00155', 'QFg8uDSXV1bteMDN', 'B00155', 'G00001', 0, 999999999, 0, '2025-06-09 06:24:46', '2025-06-09 06:24:46'),
('G00001B00156', '9pU3xZHeOzwGJAO0', 'B00156', 'G00001', 0, 999999999, 0, '2025-06-09 06:24:46', '2025-06-09 06:24:46'),
('G00001B00157', 'rH5cefsxA1sQxJok', 'B00157', 'G00001', 0, 999999999, 0, '2025-06-09 06:24:46', '2025-06-09 06:24:46'),
('G00001B00158', 'tjGvsidOXpUYcStO', 'B00158', 'G00001', 0, 999999999, 0, '2025-06-09 06:24:46', '2025-06-09 06:24:46'),
('G00001B00159', 'FOPyArUVEZKmH0Mq', 'B00159', 'G00001', 0, 999999999, 0, '2025-06-09 06:24:47', '2025-06-09 06:24:47'),
('G00001B00160', '3bJX7Fz5nhxvCmsa', 'B00160', 'G00001', 0, 999999999, 0, '2025-06-09 06:24:47', '2025-06-09 06:24:47'),
('G00001B00161', 'R6UkZLbP9cWaicOC', 'B00161', 'G00001', 0, 999999999, 0, '2025-06-09 06:24:47', '2025-06-09 06:24:47'),
('G00001B00162', 'ERVzrrTPD9K2fRdO', 'B00162', 'G00001', 0, 999999999, 0, '2025-06-09 06:24:47', '2025-06-09 06:24:47'),
('G00001B00163', '5FugWMUTLVpDSKMO', 'B00163', 'G00001', 0, 999999999, 0, '2025-06-09 06:24:47', '2025-06-09 06:24:47'),
('G00001B00164', '6isBh4fTY3gduZd2', 'B00164', 'G00001', 0, 999999999, 0, '2025-06-09 06:24:47', '2025-06-09 06:24:47'),
('G00001B00165', 'UOZWrfU8PuutTTI4', 'B00165', 'G00001', 0, 999999999, 0, '2025-06-09 06:24:47', '2025-06-09 06:24:47'),
('G00001B00166', 'QznGjisuYT7PHZgw', 'B00166', 'G00001', 0, 999999999, 0, '2025-06-09 06:24:47', '2025-06-09 06:24:47'),
('G00001B00167', '9YSJWESFM0arDeJB', 'B00167', 'G00001', 0, 999999999, 0, '2025-06-09 06:24:47', '2025-06-09 06:24:47'),
('G00001B00168', 'JC8vYbmJdUzADVzz', 'B00168', 'G00001', 0, 999999999, 0, '2025-06-09 06:24:47', '2025-06-09 06:24:47'),
('G00001B00169', 'S7NErgLAl64iR96a', 'B00169', 'G00001', 0, 999999999, 0, '2025-06-09 06:24:47', '2025-06-09 06:24:47'),
('G00001B00170', 'bK3OOE4JRiFErnd1', 'B00170', 'G00001', 0, 999999999, 0, '2025-06-09 06:24:47', '2025-06-09 06:24:47'),
('G00001B00171', 'dcM47ARDqbYHtFcp', 'B00171', 'G00001', 0, 999999999, 0, '2025-06-09 06:24:47', '2025-06-09 06:24:47'),
('G00001B00172', '0D2PRpY1FBMww0iA', 'B00172', 'G00001', 0, 999999999, 0, '2025-06-09 06:24:47', '2025-06-09 06:24:47'),
('G00001B00173', 'GM8eu4I5yheRzXNU', 'B00173', 'G00001', 0, 999999999, 0, '2025-06-09 06:24:47', '2025-06-09 06:24:47'),
('G00001B00174', 'QmGX3P4C1GXHPLJd', 'B00174', 'G00001', 0, 999999999, 0, '2025-06-09 06:24:47', '2025-06-09 06:24:47'),
('G00001B00175', 'PYN4L2GDMnOzMkaR', 'B00175', 'G00001', 0, 999999999, 0, '2025-06-09 06:24:47', '2025-06-09 06:24:47'),
('G00001B00176', 'XZ8Sc1tr3D3C2MpN', 'B00176', 'G00001', 0, 999999999, 0, '2025-06-09 06:24:47', '2025-06-09 06:24:47'),
('G00001B00177', 'xsgTHrFyFDa8ZH4P', 'B00177', 'G00001', 0, 999999999, 0, '2025-06-09 06:24:47', '2025-06-09 06:24:47'),
('G00001B00178', 'jImdh9tPh3tsXILL', 'B00178', 'G00001', 0, 999999999, 0, '2025-06-09 06:24:47', '2025-06-09 06:24:47'),
('G00001B00179', 'PKiYSMVHG8GSuIT8', 'B00179', 'G00001', 0, 999999999, 0, '2025-06-09 06:24:47', '2025-06-09 06:24:47'),
('G00001B00180', 'dOfZ8IkzeBFC6Pd2', 'B00180', 'G00001', 0, 999999999, 0, '2025-06-09 06:24:47', '2025-06-09 06:24:47'),
('G00001B00181', 'j35G8klfgmbeMxKv', 'B00181', 'G00001', 0, 999999999, 0, '2025-06-09 06:24:47', '2025-06-09 06:24:47'),
('G00001B00182', '2hdTTIOf69MS84Ps', 'B00182', 'G00001', 0, 999999999, 0, '2025-06-09 06:24:47', '2025-06-09 06:24:47'),
('G00001B00183', 'wwCOlxGnK0z3UerZ', 'B00183', 'G00001', 0, 999999999, 0, '2025-06-09 06:24:47', '2025-06-09 06:24:47'),
('G00001B00184', 'EaPlnr81zVd1F9Dh', 'B00184', 'G00001', 0, 999999999, 0, '2025-06-09 06:24:47', '2025-06-09 06:24:47'),
('G00001B00185', 'GS4WbkX16cEfPasY', 'B00185', 'G00001', 0, 999999999, 0, '2025-06-09 06:24:47', '2025-06-09 06:24:47'),
('G00001B00186', 'vaKDjwISK0UnA0ux', 'B00186', 'G00001', 0, 999999999, 0, '2025-06-09 06:24:47', '2025-06-09 06:24:47'),
('G00001B00187', 'wavb9Q9sa3kD0HOC', 'B00187', 'G00001', 0, 999999999, 0, '2025-06-09 06:24:47', '2025-06-09 06:24:47'),
('G00001B00188', '7BPRGZQwt7ysDDRk', 'B00188', 'G00001', 0, 999999999, 0, '2025-06-09 06:24:47', '2025-06-09 06:24:47'),
('G00001B00189', 'j3I8Bb1TX4TzU1DQ', 'B00189', 'G00001', 0, 999999999, 0, '2025-06-09 06:24:47', '2025-06-09 06:24:47'),
('G00001B00190', 'hvNQL4dDpamS9NTO', 'B00190', 'G00001', 0, 999999999, 0, '2025-06-09 06:24:47', '2025-06-09 06:24:47'),
('G00001B00191', '4F68WGUxWsatl1uQ', 'B00191', 'G00001', 0, 999999999, 0, '2025-06-09 06:24:47', '2025-06-09 06:24:47'),
('G00001B00192', 'RnXbHdo3RLqQrIFx', 'B00192', 'G00001', 0, 999999999, 0, '2025-06-09 06:24:47', '2025-06-09 06:24:47'),
('G00001B00193', 'e6JmRduddUPLpBJL', 'B00193', 'G00001', 0, 999999999, 0, '2025-06-09 06:24:47', '2025-06-09 06:24:47'),
('G00001B00194', '7mnsTd4XqD6Q4zD4', 'B00194', 'G00001', 0, 999999999, 0, '2025-06-09 06:24:47', '2025-06-09 06:24:47'),
('G00001B00195', '7cSdAEAyMc02HdpJ', 'B00195', 'G00001', 0, 999999999, 0, '2025-06-09 06:24:47', '2025-06-09 06:24:47'),
('G00001B00196', 'pTjGVvg4RY38nO1p', 'B00196', 'G00001', 0, 999999999, 0, '2025-06-09 06:24:47', '2025-06-09 06:24:47'),
('G00001B00197', 'k3PGi0adXiskm9Xg', 'B00197', 'G00001', 0, 999999999, 0, '2025-06-09 06:24:47', '2025-06-09 06:24:47'),
('G00001B00198', 'ppZRPreiS87kdOv0', 'B00198', 'G00001', 0, 999999999, 0, '2025-06-09 06:24:48', '2025-06-09 06:24:48'),
('G00001B00199', 'wSGZLWDBMJaty89E', 'B00199', 'G00001', 0, 999999999, 0, '2025-06-09 06:24:48', '2025-06-09 06:24:48'),
('G00001B00200', 'zEDcInXByha49Cxl', 'B00200', 'G00001', 0, 999999999, 0, '2025-06-09 06:24:48', '2025-06-09 06:24:48'),
('G00001B00201', 'wiU0OeVNNXbfOp6m', 'B00201', 'G00001', 0, 999999999, 0, '2025-06-09 06:24:48', '2025-06-09 06:24:48'),
('G00001B00202', 'mR13k20nER7NWed4', 'B00202', 'G00001', 0, 999999999, 0, '2025-06-09 06:24:48', '2025-06-09 06:24:48'),
('G00001B00203', 'tgNe1eEvIX5mrrhA', 'B00203', 'G00001', 0, 999999999, 0, '2025-06-09 06:24:48', '2025-06-09 06:24:48'),
('G00001B00204', 'uUmmoeiYFGrKVamG', 'B00204', 'G00001', 0, 999999999, 0, '2025-06-09 06:24:48', '2025-06-09 06:24:48'),
('G00001B00205', '6zShwmuQFXY6Woj0', 'B00205', 'G00001', 0, 999999999, 0, '2025-06-09 06:24:48', '2025-06-09 06:24:48'),
('G00001B00206', '5j1XmanWOINPvVHn', 'B00206', 'G00001', 0, 999999999, 0, '2025-06-09 06:24:48', '2025-06-09 06:24:48'),
('G00001B00207', 'uYvJvqETf5LezO0K', 'B00207', 'G00001', 0, 999999999, 0, '2025-06-09 06:24:48', '2025-06-09 06:24:48'),
('G00001B00208', '4dIBaxBXajPDBUaM', 'B00208', 'G00001', 0, 999999999, 0, '2025-06-09 06:24:48', '2025-06-09 06:24:48'),
('G00001B00209', 'nOFwDM9k1duk9yjL', 'B00209', 'G00001', 0, 999999999, 0, '2025-06-09 06:24:48', '2025-06-09 06:24:48'),
('G00001B00210', 'QdTv7OsPj1vZu8tP', 'B00210', 'G00001', 0, 999999999, 0, '2025-06-09 06:24:48', '2025-06-09 06:24:48'),
('G00001B00211', 'MNZX1Y2reFPoD7jx', 'B00211', 'G00001', 0, 999999999, 0, '2025-06-09 06:24:48', '2025-06-09 06:24:48'),
('G00001B00212', 'IvkwbqS1TVWeEZjY', 'B00212', 'G00001', 0, 999999999, 0, '2025-06-09 06:24:48', '2025-06-09 06:24:48'),
('G00001B00213', 'MeemM0m6irzTA47S', 'B00213', 'G00001', 0, 999999999, 0, '2025-06-09 06:24:48', '2025-06-09 06:24:48'),
('G00001B00214', 'jr8mrd6U1yTxJnr1', 'B00214', 'G00001', 0, 999999999, 0, '2025-06-09 06:24:48', '2025-06-09 06:24:48'),
('G00001B00215', 'WC7Tjl7ClGDHm7CO', 'B00215', 'G00001', 0, 999999999, 0, '2025-06-09 06:24:48', '2025-06-09 06:24:48'),
('G00001B00216', 'gUoA5ySpH226PGMh', 'B00216', 'G00001', 0, 999999999, 0, '2025-06-09 06:24:48', '2025-06-09 06:24:48'),
('G00001B00217', 'nUx4F7JJWt0XNmxX', 'B00217', 'G00001', 0, 999999999, 0, '2025-06-09 06:24:48', '2025-06-09 06:24:48'),
('G00001B00218', 'NPUaJGeBmozmDPvJ', 'B00218', 'G00001', 0, 999999999, 0, '2025-06-09 06:24:48', '2025-06-09 06:24:48'),
('G00001B00219', '9sR0ZTlB0Ph7mwdt', 'B00219', 'G00001', 0, 999999999, 0, '2025-06-09 06:24:48', '2025-06-09 06:24:48'),
('G00001B00220', 'RmKmRJHIzsOLmS71', 'B00220', 'G00001', 0, 999999999, 0, '2025-06-09 06:24:48', '2025-06-09 06:24:48'),
('G00001B00221', 'hewVYZZ4inJO5dR4', 'B00221', 'G00001', 0, 999999999, 0, '2025-06-09 06:24:48', '2025-06-09 06:24:48'),
('G00001B00222', 'LLo7xMlc9mTkOAnz', 'B00222', 'G00001', 0, 999999999, 0, '2025-06-09 06:24:48', '2025-06-09 06:24:48'),
('G00001B00223', 'm2EWjEEGRVWGgbyM', 'B00223', 'G00001', 0, 999999999, 0, '2025-06-09 06:24:48', '2025-06-09 06:24:48'),
('G00001B00224', 'bfc9wQJ73742SMWE', 'B00224', 'G00001', 0, 999999999, 0, '2025-06-09 06:24:48', '2025-06-09 06:24:48'),
('G00001B00225', 'BGW1ofButyqQUPBG', 'B00225', 'G00001', 0, 999999999, 0, '2025-06-09 06:24:48', '2025-06-09 06:24:48'),
('G00001B00226', 'dfQk7MxCxaACQly8', 'B00226', 'G00001', 0, 999999999, 0, '2025-06-09 06:24:48', '2025-06-09 06:24:48'),
('G00001B00227', 'l364p6aMUIkOk1dG', 'B00227', 'G00001', 0, 999999999, 0, '2025-06-09 06:24:48', '2025-06-09 06:24:48'),
('G00001B00228', '6fe04HWjqAsrIlBZ', 'B00228', 'G00001', 0, 999999999, 0, '2025-06-09 06:24:49', '2025-06-09 06:24:49'),
('G00001B00229', 'lu2OD6CfQLR2LpuI', 'B00229', 'G00001', 0, 999999999, 0, '2025-06-09 06:24:49', '2025-06-09 06:24:49'),
('G00001B00230', 'FDzDyH5eaQ1TiYGI', 'B00230', 'G00001', 0, 999999999, 0, '2025-06-09 06:24:49', '2025-06-09 06:24:49'),
('G00001B00231', 'CjvJHWPjpGw4bRGG', 'B00231', 'G00001', 0, 999999999, 0, '2025-06-09 06:24:49', '2025-06-09 06:24:49'),
('G00001B00232', '6a9PL63igezwWyIQ', 'B00232', 'G00001', 0, 999999999, 0, '2025-06-09 06:24:49', '2025-06-09 06:24:49'),
('G00001B00233', 'TeDooqCR950rTNl3', 'B00233', 'G00001', 0, 999999999, 0, '2025-06-09 06:24:49', '2025-06-09 06:24:49'),
('G00001B00234', 'Zv9hhfTUOxSeuX8M', 'B00234', 'G00001', 0, 999999999, 0, '2025-06-09 06:24:49', '2025-06-09 06:24:49'),
('G00001B00235', 'keAz8ObDom0wgV5S', 'B00235', 'G00001', 0, 999999999, 0, '2025-06-09 06:24:49', '2025-06-09 06:24:49'),
('G00001B00236', 'fVmyhMiYw8eYyvH4', 'B00236', 'G00001', 0, 999999999, 0, '2025-06-09 06:24:49', '2025-06-09 06:24:49'),
('G00001B00237', 'NgRIElYb1rS560IK', 'B00237', 'G00001', 0, 999999999, 0, '2025-06-09 06:24:49', '2025-06-09 06:24:49'),
('G00001B00238', '4QZSrmt19yQyOC5Q', 'B00238', 'G00001', 0, 999999999, 0, '2025-06-09 06:24:49', '2025-06-09 06:24:49'),
('G00001B00239', 'N8RNIVhX8By6HZO1', 'B00239', 'G00001', 0, 999999999, 0, '2025-06-09 06:24:49', '2025-06-09 06:24:49'),
('G00001B00240', 'D3btAOjxMIvB4qYB', 'B00240', 'G00001', 0, 999999999, 0, '2025-06-09 06:24:49', '2025-06-09 06:24:49'),
('G00001B00241', 'dFXVSw3xkCcy5tIC', 'B00241', 'G00001', 0, 999999999, 0, '2025-06-09 06:24:49', '2025-06-09 06:24:49'),
('G00001B00242', 'WuEZmPutRxPjo8Oy', 'B00242', 'G00001', 0, 999999999, 0, '2025-06-09 06:24:49', '2025-06-09 06:24:49'),
('G00001B00243', 'TVIyOU3iWR2nAlSG', 'B00243', 'G00001', 0, 999999999, 0, '2025-06-09 06:24:49', '2025-06-09 06:24:49'),
('G00001B00244', '2WvR70fUePACTj9d', 'B00244', 'G00001', 0, 999999999, 0, '2025-06-09 06:24:49', '2025-06-09 06:24:49'),
('G00001B00245', 'IV7vbtQocdrhNQNY', 'B00245', 'G00001', 0, 999999999, 0, '2025-06-09 06:24:50', '2025-06-09 06:24:50'),
('G00001B00246', 'BZ0R2YAIaNP8ZUkz', 'B00246', 'G00001', 0, 999999999, 0, '2025-06-09 06:24:50', '2025-06-09 06:24:50'),
('G00001B00247', 'ltHPshDHknViw05m', 'B00247', 'G00001', 0, 999999999, 0, '2025-06-09 06:24:50', '2025-06-09 06:24:50'),
('G00001B00248', 'QRkkiucIRFKrA2U7', 'B00248', 'G00001', 0, 999999999, 0, '2025-06-09 06:24:50', '2025-06-09 06:24:50');

-- --------------------------------------------------------

--
-- Table structure for table `counters`
--

CREATE TABLE `counters` (
  `counter_id` varchar(255) COLLATE utf8mb4_unicode_ci NOT NULL,
  `slug` varchar(255) COLLATE utf8mb4_unicode_ci NOT NULL,
  `user_id` varchar(255) COLLATE utf8mb4_unicode_ci NOT NULL,
  `created_at` timestamp NULL DEFAULT NULL,
  `updated_at` timestamp NULL DEFAULT NULL
) ENGINE=InnoDB DEFAULT CHARSET=utf8mb4 COLLATE=utf8mb4_unicode_ci;

-- --------------------------------------------------------

--
-- Table structure for table `gudangs`
--

CREATE TABLE `gudangs` (
  `gudang_id` varchar(255) COLLATE utf8mb4_unicode_ci NOT NULL,
  `slug` varchar(255) COLLATE utf8mb4_unicode_ci NOT NULL,
  `user_id` varchar(255) COLLATE utf8mb4_unicode_ci NOT NULL,
  `created_at` timestamp NULL DEFAULT NULL,
  `updated_at` timestamp NULL DEFAULT NULL
) ENGINE=InnoDB DEFAULT CHARSET=utf8mb4 COLLATE=utf8mb4_unicode_ci;

--
-- Dumping data for table `gudangs`
--

INSERT INTO `gudangs` (`gudang_id`, `slug`, `user_id`, `created_at`, `updated_at`) VALUES
('G00001', 'yc8UiuFWmOKGZqj2', 'U00001', '2025-06-09 06:24:42', '2025-06-09 06:24:42');

-- --------------------------------------------------------

--
-- Table structure for table `migrations`
--

CREATE TABLE `migrations` (
  `id` int UNSIGNED NOT NULL,
  `migration` varchar(255) COLLATE utf8mb4_unicode_ci NOT NULL,
  `batch` int NOT NULL
) ENGINE=InnoDB DEFAULT CHARSET=utf8mb4 COLLATE=utf8mb4_unicode_ci;

--
-- Dumping data for table `migrations`
--

INSERT INTO `migrations` (`id`, `migration`, `batch`) VALUES
(1, '2014_10_12_000000_create_users_table', 1),
(2, '2019_12_14_000001_create_personal_access_tokens_table', 1),
(3, '2023_05_10_042729_create_gudangs_table', 1),
(4, '2023_05_10_043019_create_counters_table', 1),
(5, '2023_05_10_043052_create_barangs_table', 1),
(6, '2023_05_10_043622_create_barang_gudangs_table', 1),
(7, '2024_08_06_011946_create_suppliers_table', 1),
(8, '2024_08_06_055359_create_penjualan_barangs_table', 1),
(9, '2024_09_10_033147_create_pemesanan_barangs_table', 1),
(10, '2024_09_23_091126_create_penjualan_barang_details_table', 1);

-- --------------------------------------------------------

--
-- Table structure for table `pemesanan_barangs`
--

CREATE TABLE `pemesanan_barangs` (
  `id` bigint UNSIGNED NOT NULL,
  `invoice` varchar(255) COLLATE utf8mb4_unicode_ci NOT NULL,
  `id_barang` varchar(255) COLLATE utf8mb4_unicode_ci NOT NULL,
  `id_supplier` varchar(255) COLLATE utf8mb4_unicode_ci NOT NULL,
  `tgl_datang` varchar(255) COLLATE utf8mb4_unicode_ci NOT NULL,
  `status_pemesanan` varchar(255) COLLATE utf8mb4_unicode_ci NOT NULL,
  `biaya_pemesanan` int NOT NULL,
  `eoq` int NOT NULL,
  `rop` int NOT NULL,
  `ss` int NOT NULL,
  `jumlah_pemesanan` int NOT NULL,
  `created_at` timestamp NULL DEFAULT NULL,
  `updated_at` timestamp NULL DEFAULT NULL
) ENGINE=InnoDB DEFAULT CHARSET=utf8mb4 COLLATE=utf8mb4_unicode_ci;

-- --------------------------------------------------------

--
-- Table structure for table `penjualan_barangs`
--

CREATE TABLE `penjualan_barangs` (
  `id` bigint UNSIGNED NOT NULL,
  `invoice_number` varchar(255) COLLATE utf8mb4_unicode_ci NOT NULL,
  `nama_pembeli` varchar(255) COLLATE utf8mb4_unicode_ci NOT NULL,
  `alamat_pembeli` varchar(255) COLLATE utf8mb4_unicode_ci NOT NULL,
  `telepon_pembeli` varchar(255) COLLATE utf8mb4_unicode_ci NOT NULL,
  `status` varchar(255) COLLATE utf8mb4_unicode_ci NOT NULL,
  `tgl_pembelian` date DEFAULT NULL,
  `tgl_pengiriman` date DEFAULT NULL,
  `created_at` timestamp NULL DEFAULT NULL,
  `updated_at` timestamp NULL DEFAULT NULL
) ENGINE=InnoDB DEFAULT CHARSET=utf8mb4 COLLATE=utf8mb4_unicode_ci;

-- --------------------------------------------------------

--
-- Table structure for table `penjualan_barang_details`
--

CREATE TABLE `penjualan_barang_details` (
  `id` bigint UNSIGNED NOT NULL,
  `invoice_number` varchar(255) COLLATE utf8mb4_unicode_ci NOT NULL,
  `id_barang` varchar(255) COLLATE utf8mb4_unicode_ci NOT NULL,
  `nama_barang` varchar(255) COLLATE utf8mb4_unicode_ci NOT NULL,
  `quantity` int NOT NULL,
  `harga_barang` int NOT NULL,
  `tgl_pembelian` date DEFAULT NULL,
  `tgl_pengiriman` date DEFAULT NULL,
  `created_at` timestamp NULL DEFAULT NULL,
  `updated_at` timestamp NULL DEFAULT NULL
) ENGINE=InnoDB DEFAULT CHARSET=utf8mb4 COLLATE=utf8mb4_unicode_ci;

-- --------------------------------------------------------

--
-- Table structure for table `personal_access_tokens`
--

CREATE TABLE `personal_access_tokens` (
  `id` bigint UNSIGNED NOT NULL,
  `tokenable_type` varchar(255) COLLATE utf8mb4_unicode_ci NOT NULL,
  `tokenable_id` bigint UNSIGNED NOT NULL,
  `name` varchar(255) COLLATE utf8mb4_unicode_ci NOT NULL,
  `token` varchar(64) COLLATE utf8mb4_unicode_ci NOT NULL,
  `abilities` text COLLATE utf8mb4_unicode_ci,
  `last_used_at` timestamp NULL DEFAULT NULL,
  `expires_at` timestamp NULL DEFAULT NULL,
  `created_at` timestamp NULL DEFAULT NULL,
  `updated_at` timestamp NULL DEFAULT NULL
) ENGINE=InnoDB DEFAULT CHARSET=utf8mb4 COLLATE=utf8mb4_unicode_ci;

-- --------------------------------------------------------

--
-- Table structure for table `suppliers`
--

CREATE TABLE `suppliers` (
  `id` bigint UNSIGNED NOT NULL,
  `nama` varchar(255) COLLATE utf8mb4_unicode_ci NOT NULL,
  `telepon` varchar(255) COLLATE utf8mb4_unicode_ci NOT NULL,
  `alamat` varchar(255) COLLATE utf8mb4_unicode_ci NOT NULL,
  `id_barang` varchar(255) COLLATE utf8mb4_unicode_ci NOT NULL,
  `waktu` int NOT NULL,
  `created_at` timestamp NULL DEFAULT NULL,
  `updated_at` timestamp NULL DEFAULT NULL
) ENGINE=InnoDB DEFAULT CHARSET=utf8mb4 COLLATE=utf8mb4_unicode_ci;

--
-- Dumping data for table `suppliers`
--

INSERT INTO `suppliers` (`id`, `nama`, `telepon`, `alamat`, `id_barang`, `waktu`, `created_at`, `updated_at`) VALUES
(1, 'PT. SRITEX', '(+62) 993 6191 0756', 'Ki. Arifin No. 166, Jayapura 78374, Jabar', 'B00001', 5, '2025-06-09 06:24:50', '2025-06-09 06:24:50'),
(2, 'PT. SRITEX', '0859 427 995', 'Jln. Ki Hajar Dewantara No. 757, Administrasi Jakarta Timur 73189, Kalteng', 'B00002', 4, '2025-06-09 06:24:50', '2025-06-09 06:24:50'),
(3, 'PT. SRITEX', '0985 6893 285', 'Dk. Adisumarmo No. 292, Dumai 23859, Babel', 'B00003', 5, '2025-06-09 06:24:50', '2025-06-09 06:24:50'),
(4, 'CITRA TEXTILE', '025 9385 549', 'Psr. Babadak No. 313, Bandung 89991, DIY', 'B00004', 5, '2025-06-09 06:24:50', '2025-06-09 06:24:50'),
(5, 'CITRA TEXTILE', '024 2320 675', 'Psr. Kyai Gede No. 879, Cimahi 22977, DKI', 'B00005', 4, '2025-06-09 06:24:50', '2025-06-09 06:24:50'),
(6, 'CITRA TEXTILE', '(+62) 439 9656 946', 'Jln. Veteran No. 689, Tebing Tinggi 10220, Riau', 'B00006', 4, '2025-06-09 06:24:50', '2025-06-09 06:24:50'),
(7, 'CITRA TEXTILE', '0399 3106 484', 'Dk. S. Parman No. 64, Bandar Lampung 47100, Jambi', 'B00007', 6, '2025-06-09 06:24:50', '2025-06-09 06:24:50'),
(8, 'CITRA TEXTILE', '0685 4147 2367', 'Jr. Adisumarmo No. 699, Palu 19933, Maluku', 'B00008', 2, '2025-06-09 06:24:50', '2025-06-09 06:24:50'),
(9, 'CITRA TEXTILE', '0518 3980 832', 'Gg. Pacuan Kuda No. 587, Bandung 80244, Aceh', 'B00009', 3, '2025-06-09 06:24:50', '2025-06-09 06:24:50');

-- --------------------------------------------------------

--
-- Table structure for table `users`
--

CREATE TABLE `users` (
  `user_id` varchar(255) COLLATE utf8mb4_unicode_ci NOT NULL,
  `slug` varchar(255) COLLATE utf8mb4_unicode_ci NOT NULL,
  `telepon` varchar(255) COLLATE utf8mb4_unicode_ci DEFAULT NULL,
  `name` varchar(255) COLLATE utf8mb4_unicode_ci NOT NULL,
  `address` text COLLATE utf8mb4_unicode_ci,
  `username` varchar(255) COLLATE utf8mb4_unicode_ci NOT NULL,
  `password` varchar(255) COLLATE utf8mb4_unicode_ci NOT NULL,
  `role` varchar(255) COLLATE utf8mb4_unicode_ci NOT NULL,
  `status` varchar(255) COLLATE utf8mb4_unicode_ci NOT NULL,
  `created_at` timestamp NULL DEFAULT NULL,
  `updated_at` timestamp NULL DEFAULT NULL
) ENGINE=InnoDB DEFAULT CHARSET=utf8mb4 COLLATE=utf8mb4_unicode_ci;

--
-- Dumping data for table `users`
--

INSERT INTO `users` (`user_id`, `slug`, `telepon`, `name`, `address`, `username`, `password`, `role`, `status`, `created_at`, `updated_at`) VALUES
('U00001', 'Cnaxc6uJMmBq6sXf', '081231241241', 'Gudang Pusat', 'Jl. Kyai Tambak Deres No.229, Kota Surabaya, Jawa Timur', 'gudangpusat', '$2y$10$p7X0KmbLwaJEF.zQFUjqRuIZcDJYoKWceQo45Qb4sAD2JYCzYhFz6', 'gudang', 'Active', '2025-06-09 06:24:42', '2025-06-09 06:24:42'),
('U00002', 'rs1GUmTi0aqNbd7V', '08224123123', 'Toko 1', 'Jl. Keputih Tegal No.29, Kota Surabaya, Jawa Timur', 'toko1', '$2y$10$7A10n0AhoTSDRYdtq8LUju3do8aw8DqnrHajnPQ7oD/SKLOj2qJ9i', 'counter', 'Active', '2025-06-09 06:24:42', '2025-06-09 06:24:42'),
('U00003', 'pkOxaG7Kq184oRgO', '08224120802832', 'Toko 2', 'Jl. Raya Wiyung No.674, Kota Surabaya, Jawa Timur', 'toko2', '$2y$10$04dpUqosy2kN.dBwGDbRbeIiCMFX6nTA3LEHbD8SXgvoY.8SNUsJu', 'counter', 'Active', '2025-06-09 06:24:42', '2025-06-09 06:24:42'),
('U00004', 'adIJ94wDtGTyiDXd', '0822412412390', 'Toko 3', 'Jl. Rungkut Asri Tengah No.21, Kota Surabaya, Jawa Timur', 'toko3', '$2y$10$cNcrRhU9gdROH/sR5zZajO4wcy0GOKJJL4Z/3egLZkA.iFXW6vm4G', 'counter', 'Active', '2025-06-09 06:24:42', '2025-06-09 06:24:42'),
('U00005', '5PD1BuRZ0xe3GtU5', '0812348728372', 'Owner', '-', 'owner', '$2y$10$Ozxg5SrtYXRWdIP7RhBkJu6sU4kknXnibfXAmRKnWPPGJQuTN15Ye', 'owner', 'Active', '2025-06-09 06:24:42', '2025-06-09 06:24:42');

--
-- Indexes for dumped tables
--

--
-- Indexes for table `barangs`
--
ALTER TABLE `barangs`
  ADD PRIMARY KEY (`barang_id`),
  ADD UNIQUE KEY `unique_nama_barang` (`nama_barang`),
  ADD KEY `barangs_barang_id_index` (`barang_id`);

--
-- Indexes for table `barang_gudangs`
--
ALTER TABLE `barang_gudangs`
  ADD PRIMARY KEY (`barang_gudang_id`),
  ADD KEY `barang_gudangs_barang_id_foreign` (`barang_id`),
  ADD KEY `barang_gudangs_gudang_id_foreign` (`gudang_id`),
  ADD KEY `barang_gudangs_barang_gudang_id_barang_id_index` (`barang_gudang_id`,`barang_id`);

--
-- Indexes for table `counters`
--
ALTER TABLE `counters`
  ADD PRIMARY KEY (`counter_id`),
  ADD KEY `counters_user_id_foreign` (`user_id`);

--
-- Indexes for table `gudangs`
--
ALTER TABLE `gudangs`
  ADD PRIMARY KEY (`gudang_id`),
  ADD KEY `gudangs_user_id_foreign` (`user_id`);

--
-- Indexes for table `migrations`
--
ALTER TABLE `migrations`
  ADD PRIMARY KEY (`id`);

--
-- Indexes for table `pemesanan_barangs`
--
ALTER TABLE `pemesanan_barangs`
  ADD PRIMARY KEY (`id`);

--
-- Indexes for table `penjualan_barangs`
--
ALTER TABLE `penjualan_barangs`
  ADD PRIMARY KEY (`id`);

--
-- Indexes for table `penjualan_barang_details`
--
ALTER TABLE `penjualan_barang_details`
  ADD PRIMARY KEY (`id`);

--
-- Indexes for table `personal_access_tokens`
--
ALTER TABLE `personal_access_tokens`
  ADD PRIMARY KEY (`id`),
  ADD UNIQUE KEY `personal_access_tokens_token_unique` (`token`),
  ADD KEY `personal_access_tokens_tokenable_type_tokenable_id_index` (`tokenable_type`,`tokenable_id`);

--
-- Indexes for table `suppliers`
--
ALTER TABLE `suppliers`
  ADD PRIMARY KEY (`id`);

--
-- Indexes for table `users`
--
ALTER TABLE `users`
  ADD PRIMARY KEY (`user_id`),
  ADD UNIQUE KEY `users_name_unique` (`name`),
  ADD UNIQUE KEY `users_username_unique` (`username`);

--
-- AUTO_INCREMENT for dumped tables
--

--
-- AUTO_INCREMENT for table `migrations`
--
ALTER TABLE `migrations`
  MODIFY `id` int UNSIGNED NOT NULL AUTO_INCREMENT, AUTO_INCREMENT=11;

--
-- AUTO_INCREMENT for table `pemesanan_barangs`
--
ALTER TABLE `pemesanan_barangs`
  MODIFY `id` bigint UNSIGNED NOT NULL AUTO_INCREMENT;

--
-- AUTO_INCREMENT for table `penjualan_barangs`
--
ALTER TABLE `penjualan_barangs`
  MODIFY `id` bigint UNSIGNED NOT NULL AUTO_INCREMENT;

--
-- AUTO_INCREMENT for table `penjualan_barang_details`
--
ALTER TABLE `penjualan_barang_details`
  MODIFY `id` bigint UNSIGNED NOT NULL AUTO_INCREMENT;

--
-- AUTO_INCREMENT for table `personal_access_tokens`
--
ALTER TABLE `personal_access_tokens`
  MODIFY `id` bigint UNSIGNED NOT NULL AUTO_INCREMENT;

--
-- AUTO_INCREMENT for table `suppliers`
--
ALTER TABLE `suppliers`
  MODIFY `id` bigint UNSIGNED NOT NULL AUTO_INCREMENT, AUTO_INCREMENT=10;

--
-- Constraints for dumped tables
--

--
-- Constraints for table `barang_gudangs`
--
ALTER TABLE `barang_gudangs`
  ADD CONSTRAINT `barang_gudangs_barang_id_foreign` FOREIGN KEY (`barang_id`) REFERENCES `barangs` (`barang_id`) ON DELETE CASCADE,
  ADD CONSTRAINT `barang_gudangs_gudang_id_foreign` FOREIGN KEY (`gudang_id`) REFERENCES `gudangs` (`gudang_id`) ON DELETE CASCADE;

--
-- Constraints for table `counters`
--
ALTER TABLE `counters`
  ADD CONSTRAINT `counters_user_id_foreign` FOREIGN KEY (`user_id`) REFERENCES `users` (`user_id`) ON DELETE CASCADE;

--
-- Constraints for table `gudangs`
--
ALTER TABLE `gudangs`
  ADD CONSTRAINT `gudangs_user_id_foreign` FOREIGN KEY (`user_id`) REFERENCES `users` (`user_id`) ON DELETE CASCADE;
COMMIT;

/*!40101 SET CHARACTER_SET_CLIENT=@OLD_CHARACTER_SET_CLIENT */;
/*!40101 SET CHARACTER_SET_RESULTS=@OLD_CHARACTER_SET_RESULTS */;
/*!40101 SET COLLATION_CONNECTION=@OLD_COLLATION_CONNECTION */;
